Country,Mine count,Cumulative capacity,Total weighted ownership,Public Company_weighted_capacity,Public Company_share,Private Company_weighted_capacity,Private Company_share,Government Institution_weighted_capacity,Government Institution_share,Metal
Dem. Rep. Congo,10,154.3,152.35,115.24,75.64,30.66,20.13,6.45,4.23,cobalt
Zambia,3,5.8,5.8,5.65,97.46,0.15,2.54,,,cobalt
Russia,1,4.3,4.3,4.3,100.0,,,,,cobalt
Philippines,2,4.0,4.0,4.0,100.0,,,,,cobalt
China,7,3.9,3.9,0.8,20.51,3.1,79.49,,,cobalt
Cuba,1,3.4,3.4,1.7,50.0,1.7,50.0,,,cobalt
Papua New Guinea,1,2.9,2.9,2.07,71.46,0.83,28.54,,,cobalt
Canada,5,2.5,2.5,2.5,100.0,,,,,cobalt
Australia,1,2.3,2.3,2.3,100.0,,,,,cobalt
Madagascar,1,2.3,2.3,1.25,54.18,1.05,45.82,,,cobalt
New Caledonia,1,1.8,1.8,,,1.8,100.0,,,cobalt
Finland,2,0.7,0.7,0.3,42.86,0.4,57.14,,,cobalt
Zimbabwe,2,0.30000000000000004,0.3,0.3,100.0,,,,,cobalt
USA,1,0.2,0.2,0.2,100.0,,,,,cobalt
South Africa,1,0.1,0.1,0.09,87.0,0.01,13.0,,,cobalt
