Country,Mine count,Cumulative capacity,Total owners,Public Company_count,Public Company_share,Private Company_count,Private Company_share,Government Institution_count,Government Institution_share,Metal
Dem. Rep. Congo,10,154.3,21,9.0,42.86,7.0,33.33,5.0,23.81,cobalt
Zambia,3,5.8,6,4.0,66.67,2.0,33.33,,,cobalt
Russia,1,4.3,1,1.0,100.0,,,,,cobalt
Philippines,2,4.0,6,6.0,100.0,,,,,cobalt
China,7,3.9,7,4.0,57.14,3.0,42.86,,,cobalt
Cuba,1,3.4,2,1.0,50.0,1.0,50.0,,,cobalt
Papua New Guinea,1,2.9,7,3.0,42.86,4.0,57.14,,,cobalt
Canada,5,2.5,5,5.0,100.0,,,,,cobalt
Australia,1,2.3,1,1.0,100.0,,,,,cobalt
Madagascar,1,2.3,2,1.0,50.0,1.0,50.0,,,cobalt
New Caledonia,1,1.8,2,,,2.0,100.0,,,cobalt
Finland,2,0.7,2,1.0,50.0,1.0,50.0,,,cobalt
Zimbabwe,2,0.30000000000000004,3,3.0,100.0,,,,,cobalt
USA,1,0.2,1,1.0,100.0,,,,,cobalt
South Africa,1,0.1,2,1.0,50.0,1.0,50.0,,,cobalt
