Country,Mine count,Cumulative capacity,Total owners,Public Company_count,Public Company_share,Private Company_count,Private Company_share,Government Institution_count,Government Institution_share,Foundation or Charitable Institution_count,Foundation or Charitable Institution_share,Private Fund_count,Private Fund_share,Metal
Chile,37,5208.9,74,58.0,78.38,16.0,21.62,,,,,,,copper
Peru,21,2537.3,35,29.0,82.86,6.0,17.14,,,,,,,copper
Dem. Rep. Congo,19,1888.2,40,17.0,42.5,15.0,37.5,8.0,20.0,,,,,copper
China,123,1353.2,139,45.0,32.37,93.0,66.91,1.0,0.72,,,,,copper
USA,26,1005.6,29,27.0,93.1,2.0,6.9,,,,,,,copper
Indonesia,3,896.8,6,4.0,66.67,2.0,33.33,,,,,,,copper
Zambia,14,815.1,23,17.0,73.91,6.0,26.09,,,,,,,copper
Russia,8,701.1,12,3.0,25.0,7.0,58.33,1.0,8.33,,,1.0,8.33,copper
Kazakhstan,10,650.1,10,1.0,10.0,9.0,90.0,,,,,,,copper
Australia,19,603.5,21,21.0,100.0,,,,,,,,,copper
Mexico,22,595.4,29,23.0,79.31,4.0,13.79,2.0,6.9,,,,,copper
Mongolia,2,464.70000000000005,4,1.0,25.0,1.0,25.0,2.0,50.0,,,,,copper
Canada,17,435.0,18,16.0,88.89,2.0,11.11,,,,,,,copper
Brazil,8,400.79999999999995,9,7.0,77.78,2.0,22.22,,,,,,,copper
Poland,1,392.4,1,1.0,100.0,,,,,,,,,copper
Serbia,2,281.8,3,2.0,66.67,1.0,33.33,,,,,,,copper
Ecuador,1,192.1,2,1.0,50.0,1.0,50.0,,,,,,,copper
Iran,1,186.2,1,,,1.0,100.0,,,,,,,copper
Bulgaria,4,122.80000000000001,4,1.0,25.0,3.0,75.0,,,,,,,copper
Armenia,2,111.1,2,,,2.0,100.0,,,,,,,copper
Papua New Guinea,2,99.39999999999999,2,1.0,50.0,1.0,50.0,,,,,,,copper
Spain,3,99.1,3,3.0,100.0,,,,,,,,,copper
Botswana,2,92.80000000000001,3,2.0,66.67,1.0,33.33,,,,,,,copper
Philippines,3,75.2,4,3.0,75.0,1.0,25.0,,,,,,,copper
South Africa,20,66.3,31,19.0,61.29,10.0,32.26,1.0,3.23,1.0,3.23,,,copper
Saudi Arabia,1,62.1,2,2.0,100.0,,,,,,,,,copper
Sweden,4,53.8,4,4.0,100.0,,,,,,,,,copper
Laos,1,47.7,2,,,1.0,50.0,1.0,50.0,,,,,copper
Eritrea,1,23.2,2,1.0,50.0,1.0,50.0,,,,,,,copper
Finland,1,22.6,1,1.0,100.0,,,,,,,,,copper
Portugal,2,21.5,2,1.0,50.0,1.0,50.0,,,,,,,copper
Mauritania,1,11.7,1,1.0,100.0,,,,,,,,,copper
Zimbabwe,3,9.1,4,4.0,100.0,,,,,,,,,copper
Dominican Republic,1,8.4,1,1.0,100.0,,,,,,,,,copper
Kyrgyzstan,1,5.1,1,,,1.0,100.0,,,,,,,copper
Tanzania,1,2.3,2,1.0,50.0,,,1.0,50.0,,,,,copper
Argentina,1,0.7,1,1.0,100.0,,,,,,,,,copper
Romania,1,0.6,1,1.0,100.0,,,,,,,,,copper
Bolivia,1,0.6,2,1.0,50.0,1.0,50.0,,,,,,,copper
