Country,Mine count,Cumulative capacity,Total weighted ownership,Public Company_weighted_capacity,Public Company_share,Private Company_weighted_capacity,Private Company_share,Government Institution_weighted_capacity,Government Institution_share,Foundation or Charitable Institution_weighted_capacity,Foundation or Charitable Institution_share,Private Fund_weighted_capacity,Private Fund_share,Metal
Chile,37,5208.9,5177.69,3729.23,72.02,1448.46,27.98,,,,,,,copper
Peru,21,2537.3,2486.43,2408.39,96.86,78.04,3.14,,,,,,,copper
Dem. Rep. Congo,19,1888.2,1872.09,1327.71,70.92,418.74,22.37,125.63,6.71,,,,,copper
China,123,1353.2,1335.55,932.41,69.81,397.02,29.73,6.12,0.46,,,,,copper
USA,26,1005.6,994.2,943.3,94.88,50.9,5.12,,,,,,,copper
Indonesia,3,896.8,896.8,494.3,55.12,402.5,44.88,,,,,,,copper
Zambia,14,815.1,813.3,680.72,83.7,132.58,16.3,,,,,,,copper
Russia,8,701.1,695.36,473.63,68.11,195.65,28.14,2.51,0.36,,,23.57,3.39,copper
Kazakhstan,10,650.1,650.1,12.4,1.91,637.7,98.09,,,,,,,copper
Australia,19,603.5,603.5,603.5,100.0,,,,,,,,,copper
Mexico,22,595.4,593.64,573.67,96.64,13.32,2.24,6.64,1.12,,,,,copper
Mongolia,2,464.70000000000005,464.7,204.47,44.0,75.9,16.33,184.33,39.67,,,,,copper
Canada,17,435.0,435.0,405.5,93.22,29.5,6.78,,,,,,,copper
Brazil,8,400.79999999999995,405.32,395.52,97.58,9.8,2.42,,,,,,,copper
Poland,1,392.4,392.4,392.4,100.0,,,,,,,,,copper
Serbia,2,281.8,281.8,239.29,84.91,42.51,15.09,,,,,,,copper
Ecuador,1,192.1,192.1,134.47,70.0,57.63,30.0,,,,,,,copper
Iran,1,186.2,186.2,,,186.2,100.0,,,,,,,copper
Bulgaria,4,122.80000000000001,122.8,25.4,20.68,97.4,79.32,,,,,,,copper
Armenia,2,111.1,111.1,,,111.1,100.0,,,,,,,copper
Papua New Guinea,2,99.39999999999999,99.4,2.3,2.31,97.1,97.69,,,,,,,copper
Spain,3,99.1,99.1,99.1,100.0,,,,,,,,,copper
Botswana,2,92.80000000000001,90.88,73.63,81.02,17.25,18.98,,,,,,,copper
Philippines,3,75.2,75.2,72.44,96.33,2.76,3.67,,,,,,,copper
South Africa,20,66.3,65.1,20.69,31.78,35.74,54.9,8.64,13.27,0.03,0.05,,,copper
Saudi Arabia,1,62.1,62.1,62.1,100.0,,,,,,,,,copper
Sweden,4,53.8,53.8,53.8,100.0,,,,,,,,,copper
Laos,1,47.7,47.7,,,42.93,90.0,4.77,10.0,,,,,copper
Eritrea,1,23.2,23.2,12.76,55.0,10.44,45.0,,,,,,,copper
Finland,1,22.6,22.6,22.6,100.0,,,,,,,,,copper
Portugal,2,21.5,21.5,13.6,63.26,7.9,36.74,,,,,,,copper
Mauritania,1,11.7,11.7,11.7,100.0,,,,,,,,,copper
Zimbabwe,3,9.1,9.1,9.1,100.0,,,,,,,,,copper
Dominican Republic,1,8.4,8.4,8.4,100.0,,,,,,,,,copper
Kyrgyzstan,1,5.1,5.1,,,5.1,100.0,,,,,,,copper
Tanzania,1,2.3,2.3,1.93,84.0,,,0.37,16.0,,,,,copper
Argentina,1,0.7,0.7,0.7,100.0,,,,,,,,,copper
Romania,1,0.6,0.6,0.6,100.0,,,,,,,,,copper
Bolivia,1,0.6,0.6,0.57,95.0,0.03,5.0,,,,,,,copper
