Country,Total Public Ownership Analysed,Institutional Investor (%),Institutional Investor Ownership,Public Sector (%),Public Sector Ownership,Private Corporation (%),Private Corporation Ownership,Strategic Individual (%),Strategic Individual Ownership,Unclassified (%),Unclassified Ownership
Zimbabwe,,0,,0,,0,,0,,0,
Mali,,0,,0,,0,,0,,0,
China,,0,,0,,0,,0,,0,
Argentina,,0,,0,,0,,0,,0,
Australia,,0,,0,,0,,0,,0,
Brazil,,0,,0,,0,,0,0.96,0,
Canada,,0,,0,,0,,0,1.94,0,
Chile,,0,,0,,0,,0,,0,0.06
USA,,0,,0,,0,,0,0.64,0,0.05
