Country,Mine count,Cumulative capacity,Total owners,Public Company_count,Public Company_share,Private Company_count,Private Company_share,Foundation or Charitable Institution_count,Foundation or Charitable Institution_share,Metal
Russia,1,225.0,1,1.0,100.0,,,,,nickel
Indonesia,3,126.8,5,4.0,80.0,1.0,20.0,,,nickel
China,5,121.8,5,3.0,60.0,2.0,40.0,,,nickel
Canada,5,117.1,5,5.0,100.0,,,,,nickel
Brazil,5,101.3,4,3.0,75.0,1.0,25.0,,,nickel
New Caledonia,2,77.9,5,1.0,20.0,4.0,80.0,,,nickel
Philippines,2,50.4,6,6.0,100.0,,,,,nickel
Australia,3,43.6,3,3.0,100.0,,,,,nickel
Finland,2,39.2,2,1.0,50.0,1.0,50.0,,,nickel
South Africa,19,34.6,25,18.0,72.0,6.0,24.0,1.0,4.0,nickel
Colombia,1,34.6,2,,,2.0,100.0,,,nickel
Cuba,1,32.8,2,1.0,50.0,1.0,50.0,,,nickel
Papua New Guinea,1,30.4,7,3.0,42.86,4.0,57.14,,,nickel
Japan,3,30.0,3,2.0,66.67,1.0,33.33,,,nickel
Madagascar,1,26.7,2,1.0,50.0,1.0,50.0,,,nickel
Zambia,2,20.3,3,2.0,66.67,1.0,33.33,,,nickel
Zimbabwe,3,11.8,4,4.0,100.0,,,,,nickel
USA,2,9.5,2,2.0,100.0,,,,,nickel
