Country,Total Exposure,Institutional Investor Ownership,Institutional Investor (%),Private Corporation Ownership,Private Corporation (%),Public Sector Ownership,Public Sector (%),Strategic Individual Ownership,Strategic Individual (%),Unclassified Ownership,Unclassified (%)
China,,,0,,0,,0,,0,,0
South Africa,,,0,,0,,0,,0,14.85,0
Madagascar,,,0,,0,,0,0.03,0,1.16,0
Brazil,,,0,,0,,0,0.31,0,1.83,0
Australia,,,0,,0,,0,,0,,0
USA,,,0,,0,,0,,0,1.55,0
Japan,,,0,,0,,0,,0,2.95,0
Finland,,,0,,0,,0,1.83,0,0.01,0
Canada,,,0,,0,,0,25.99,0,1.77,0
Zimbabwe,,,0,,0,,0,,0,,0
Cuba,,,0,,0,,0,,0,,0
Zambia,,,0,,0,,0,,0,,0
Russia,,,0,,0,,0,,0,0.0,0
Indonesia,,,0,,0,,0,,0,,0
Papua New Guinea,,,0,,0,,0,,0,,0
Philippines,,,0,,0,,0,,0,,0
New Caledonia,,,0,,0,,0,,0,,0
