Property,Property ID,Country/Region, Equity Owner(s) (Ownership %), Percent Lower (%),Paid Nickel (000 tonnes),Cumulative Paid Nickel (000 tonnes), Labor (¢/lb), Energy (¢/lb), Reagents (¢/lb), Other Onsite (¢/lb), TCRC+Shipment (¢/lb), Royalty (¢/lb), Total Cash Cost (¢/lb)
Total and Weighted Average,,,,,0.0,0.0,87.32255694340988,63.6452997599598,52.89578587498134,119.82936383477582,156.55316714445271,24.52035683424074,204.76
Codemin,28021.0,Brazil,Anglo American PLC (100.00),0.0,6.6,6.6,59.22,16.78,50.25,53.02,10.01,15.48,204.76
Zondereinde,27501.0,South Africa,Northam Platinum Holdings Ltd. (100.00),0.58,1.6,8.2,72.49,42.06,3.16,13.43,85.97,6.18,223.29
Jinchuan,27136.0,China,JinChuan Group Co.Ltd. (100.00),0.72,108.8,117.0,110.77,16.12,2.25,28.27,83.56,11.55,252.53
Norilsk,75972.0,Russia,PJSC Mining and Metallurgical Co. Norilsk Nickel (100.00),10.3,225.0,342.0,61.95,12.47,3.43,59.05,126.82,48.19,311.91
Kevitsa,29179.0,Finland,Boliden AB (publ) (100.00),30.11,10.1,352.1,16.39,23.65,12.87,23.73,237.93,0.0,314.57
Mogalakwena,27377.0,South Africa,Valterra Platinum Ltd. (100.00),30.99,17.1,369.20000000000005,83.22,60.53,18.12,59.35,104.25,3.89,329.36
Booysendal North,32552.0,South Africa,Northam Platinum Holdings Ltd. (100.00),32.5,0.6,369.80000000000007,105.5,24.12,4.5,24.75,162.42,14.91,336.19
Moa Bay,28629.0,Cuba,"Sherritt International Corp. (50.00)
General Nickel Company SA (50.00)",32.55,32.8,402.6000000000001,2.45,14.77,5.43,4.34,292.89,37.9,357.78
Kalatongke,34844.0,China,Xinjiang Xinxin Mining Industry Co. Ltd. (100.00),35.43,4.7,407.30000000000007,79.41,32.85,8.71,79.88,142.23,18.21,361.3
Santa Rita,33832.0,Brazil,Appian Capital Advisory LLP (100.00),35.85,13.6,420.9000000000001,35.53,67.16,28.71,110.78,123.83,40.51,406.52
Taganito,29157.0,Philippines,"Nickel Asia Corporation (65.00)
Pacific Metals Co. Ltd. (33.50)
Sojitz Corp. (1.50)",37.04,28.4,449.30000000000007,19.6,24.17,75.48,71.48,196.17,27.5,414.4
Piaui,37657.0,Brazil,Brazilian Nickel Plc (100.00),39.55,23.2,472.50000000000006,7.62,16.51,129.77,74.96,150.08,41.99,420.93
Oheyama,76374.0,Japan,Nippon Yakin Kogyo Co. Ltd. (100.00),41.59,12.0,484.50000000000006,0.0,0.0,0.0,142.49,279.38,0.0,421.87
Tulaergen,80826.0,China,China State-Owned Mining Enterprise (100.00),42.64,2.0,486.50000000000006,77.57,53.82,17.26,68.15,210.64,15.54,442.98
Booysendal South,38707.0,South Africa,Northam Platinum Holdings Ltd. (100.00),42.82,0.9,487.40000000000003,119.87,25.22,4.01,130.2,165.07,14.25,458.62
Mototolo,33727.0,South Africa,Valterra Platinum Ltd. (100.00),42.89,0.4,487.8,115.99,169.16,11.38,71.88,83.63,20.76,472.8
East Yellow Mountain,33386.0,China,Xinjiang Xinxin Mining Industry Co. Ltd. (100.00),42.93,6.0,493.8,127.06,43.3,14.26,58.58,182.89,46.79,472.88
Hyuga SX-EW,76366.0,Japan,Hyuga Smelting Co. Ltd. (100.00),43.46,13.0,506.8,0.0,0.0,0.0,161.67,315.28,0.0,476.95
Eagle,33795.0,USA,Lundin Mining Corp. (100.00),44.6,9.1,515.9,83.88,94.93,13.43,87.42,180.38,28.71,488.74
Weda Bay,30273.0,Indonesia,"Tsingshan Holding Group Co. Ltd. (51.30)
Eramet SA (38.70)
PT Antam (Persero) Tbk (10.00)",45.4,32.0,547.9,29.46,20.91,15.2,119.11,296.34,8.76,489.78
Munali,27453.0,Zambia,"Consolidated Mining and Investments Ltd (68.00)
Jinchuan Group International Resources Co. Ltd. (32.00)",48.22,2.8,550.6999999999999,34.26,79.37,10.72,106.54,231.64,35.9,498.43
Two Rivers,30707.0,South Africa,"African Rainbow Minerals Ltd. (54.00)
Impala Platinum Holdings Ltd. (46.00)",48.47,1.0,551.6999999999999,168.87,75.56,6.86,132.09,128.0,0.0,511.39
Nova-Bollinger,40767.0,Australia,IGO Ltd. (100.00),48.55,7.6,559.3,227.71,93.16,14.5,126.2,27.54,38.07,527.18
Zimplats,29249.0,Zimbabwe,Zimplats Holdings Ltd. (100.00),49.22,5.5,564.8,75.03,31.45,3.64,221.13,174.33,22.36,527.95
Cerro Matoso,28584.0,Colombia,"CoreX Holding BV (99.94)
Mineworkers (0.06)",49.7,34.6,599.4,151.88,147.75,89.2,32.15,56.85,61.92,539.75
Rio Tuba,34257.0,Philippines,"Nickel Asia Corporation (60.00)
Pacific Metals Co. Ltd. (36.00)
Sojitz Corp. (4.00)",52.75,22.0,621.4,39.0,30.52,127.0,95.18,248.82,0.0,540.52
Platinum Mile,36120.0,South Africa,"Sibanye Stillwater Ltd. (91.70)
Mvelaphanda Holdings (Proprietary) Ltd (8.30)",54.68,0.1,621.5,26.51,269.52,66.02,38.33,143.46,0.0,543.84
Onca Puma,28543.0,Brazil,Vale SA (100.00),54.69,27.0,648.5,69.23,207.5,171.21,83.39,7.75,15.48,554.56
Ontario Division,27672.0,Canada,Vale SA (100.00),57.07,38.0,686.5,107.28,60.59,19.8,181.5,187.12,0.0,556.3
Ramu,27187.0,Papua New Guinea,"Metallurgical Corp. of China Ltd. (56.97)
Ji Lin Ji En Nickel Industry Co. Ltd. (11.05)
Jiuquan Iron and Steel (Group) Co. Ltd. (11.05)
Nickel 28 Capital Corp. (8.56)
Jinchuan Group International Resources Co. Ltd. (5.93)
Mineral Resources Development Corp. (3.94)
Private Interest (2.50)",60.41,30.4,716.9,56.45,160.84,33.43,100.83,197.04,14.02,562.61
Barro Alto,31041.0,Brazil,Anglo American PLC (100.00),63.08,30.9,747.8,157.86,60.16,179.74,143.95,10.54,15.48,567.74
Union Section,31296.0,South Africa,"Siyanda Resources (Pty) Ltd. (85.00)
Bakgatla Ba Kgafela (15.00)",65.81,0.4,748.1999999999999,161.95,27.59,3.61,27.13,348.86,0.78,569.92
Sorowako,27363.0,Indonesia,PT Vale Indonesia Tbk (100.00),65.85,74.1,822.3,53.66,47.64,68.33,212.67,164.78,39.71,586.78
Raglan,26073.0,Canada,Glencore PLC (100.00),72.37,35.7,858.0,125.51,32.67,12.21,249.9,140.5,30.48,591.27
Western Limb Tailings,32553.0,South Africa,Sibanye Stillwater Ltd. (100.00),75.51,0.9,858.9,104.81,114.31,32.0,163.77,183.11,3.13,601.13
Pomalaa,31089.0,Indonesia,PT Antam (Persero) Tbk (100.00),75.59,20.7,879.6,100.29,245.58,44.73,45.48,165.83,15.06,616.97
Terrafame,35352.0,Finland,Terrafame Oy (100.00),77.41,29.1,908.7,79.26,60.62,267.93,141.94,71.2,0.0,620.96
Unki,30514.0,Zimbabwe,Valterra Platinum Ltd. (100.00),79.97,3.0,911.7,116.17,112.55,18.63,82.86,288.71,13.7,632.61
Amandelbult,31295.0,South Africa,Valterra Platinum Ltd. (100.00),80.24,0.5,912.2,366.6,124.39,15.42,39.92,83.61,6.99,636.93
Ta Khoa,27531.0,Vietnam,"Xalotho Co. Ltd (80.00)
Blackstone Minerals Ltd. (20.00)",80.28,2.4,914.6,28.37,78.23,22.27,299.95,160.61,49.67,639.11
Marikana,27605.0,South Africa,"Sibanye Stillwater Ltd. (80.64)
Incwala Resource (Pty) Ltd. (19.36)",80.49,2.8,917.4,336.29,96.39,10.17,45.45,158.23,3.43,649.96
Mimosa,27951.0,Zimbabwe,"Impala Platinum Holdings Ltd. (50.00)
Sibanye Stillwater Ltd. (50.00)",80.74,3.3,920.6999999999999,136.49,215.43,13.23,153.92,133.02,26.95,679.04
SLN,27634.0,New Caledonia,"Eramet SA (56.00)
Société Territoriale Calédonienne de Participation Industrielle (34.00)
Nippon Steel Nisshin Co. Ltd. (10.00)",81.03,46.9,967.5999999999999,47.19,166.34,70.65,59.58,354.18,3.04,700.98
Pilanesberg,32875.0,South Africa,Sedibelo Resources Limited (100.00),85.15,1.3,968.8999999999999,9.63,369.5,42.83,198.09,86.56,2.04,708.65
Modikwa,31138.0,South Africa,"Valterra Platinum Ltd. (50.00)
African Rainbow Minerals Ltd. (41.50)
Private Interest (8.50)",85.27,0.8,969.6999999999998,238.46,151.74,19.59,221.26,83.69,1.62,716.36
Alex,81253.0,China,Xinjiang Xinxin Mining Industry Co. Ltd. (100.00),85.34,0.3,969.9999999999998,86.56,47.31,23.1,102.19,376.28,96.83,732.27
Impala Bafokeng,30267.0,South Africa,"Impala Platinum Holdings Ltd. (87.00)
Private Interest (13.00)",85.37,2.4,972.3999999999997,274.11,103.59,7.71,141.24,198.03,8.23,732.91
Stillwater,24891.0,USA,Sibanye Stillwater Ltd. (100.00),85.58,0.4,972.7999999999997,109.03,44.44,15.23,119.41,465.13,0.0,753.23
Manitoba Division,26560.0,Canada,Vale SA (100.00),85.61,12.0,984.7999999999997,133.22,54.78,27.46,287.98,260.97,0.0,764.42
Murrin Murrin,28725.0,Australia,Glencore PLC (100.00),86.67,33.3,1018.0999999999997,298.21,127.03,106.49,176.16,40.9,20.11,768.89
Rustenburg,27519.0,South Africa,"Sibanye Stillwater Ltd. (74.00)
Newshelf 1335 Pty. Ltd. (26.00)",89.6,2.1,1020.1999999999997,188.43,104.06,8.43,236.57,232.61,2.97,773.07
Trident - Enterprise,76924.0,Zambia,First Quantum Minerals Ltd. (100.00),89.78,17.5,1037.6999999999998,160.28,91.77,6.81,42.87,438.26,38.7,778.7
Platreef,38500.0,South Africa,"Ivanhoe Mines Ltd. (64.00)
Black Economic Empowerment (26.00)",91.33,0.8,1038.4999999999998,107.28,44.49,5.53,319.82,280.05,29.35,786.52
Sudbury Operations,27146.0,Canada,Glencore PLC (100.00),91.4,9.0,1047.4999999999998,197.62,62.19,21.3,349.32,165.49,0.0,795.9
Ambatovy,30428.0,Madagascar,"Sumitomo Corp. (54.17)
Korea Mine Rehabilitation and Mineral Resources Corp. (45.82)",92.19,26.7,1074.1999999999998,79.45,83.34,70.1,424.93,128.28,11.8,797.9
Black Swan,29416.0,Australia,Maritana Minerals Ltd. (100.00),94.54,2.7,1076.8999999999999,218.25,85.36,12.02,177.49,279.8,36.64,809.58
Marula,30532.0,South Africa,"Impala Platinum Holdings Ltd. (73.26)
Black Economic Empowerment (26.74)",94.78,0.3,1077.1999999999998,356.3,105.7,10.69,124.16,210.1,13.41,820.37
Kroondal,32954.0,South Africa,Sibanye Stillwater Ltd. (100.00),94.8,0.5,1077.6999999999998,108.73,113.56,61.1,233.8,281.05,25.34,823.57
Hachinohe,76371.0,Japan,Pacific Metals Co. Ltd. (100.00),94.84,5.0,1082.6999999999998,156.95,251.67,178.48,219.88,38.67,0.0,845.65
Goro,27742.0,New Caledonia,"Prony Resources New Caledonia consortium (95.00)
Societe de Participation Miniere du Sud Caledonia SAS (5.00)",95.28,31.0,1113.6999999999998,81.85,108.77,264.63,242.5,200.33,0.0,898.09
Eland,34342.0,South Africa,Northam Platinum Holdings Ltd. (100.00),98.01,0.1,1113.7999999999997,266.41,381.4,18.27,162.86,160.2,4.15,993.3
Voisey's Bay,28992.0,Canada,Vale SA (100.00),98.02,22.4,1136.1999999999998,205.57,161.59,31.21,492.95,154.93,21.12,1067.38
"*Figures pre-2025 are based on reported/actual data where available. Figures from 2025 and later are based on S&P Global Market Intelligence's estimates and forecasts. For Market Intelligence's Constant scenario, all forecasts for prices are in constant 2024 US dollars (e.g. wage rates, electricity prices, reagent or fuel costs and metal prices).",,,,,0.0,1136.1999999999998,,,,,,,
