Property,Property ID,Country/Region, Equity Owner(s) (Ownership %), Percent Lower (%),Paid Cobalt (000 tonnes),Cumulative Paid Cobalt (000 tonnes), Labor (¢/lb), Energy (¢/lb), Reagents (¢/lb), Other Onsite (¢/lb), TCRC+Shipment (¢/lb), Royalty (¢/lb), Total Cash Cost (¢/lb)
Total and Weighted Average,,,,,0.0,0.0,49.74308142408218,97.6208855712578,66.04232574086436,120.66822572530876,339.6855504125321,64.17296001197629,219.02
Metalkol RTR,29829.0,Dem. Rep. Congo,Eurasian Group LLP (100.00),0.0,15.6,15.6,7.34,66.66,29.34,4.62,26.36,84.71,219.02
Moa Bay,28629.0,Cuba,"Sherritt International Corp. (50.00)
General Nickel Company SA (50.00)",8.22,3.4,19.0,4.39,26.49,9.74,7.79,343.09,67.97,459.47
Piaui,37657.0,Brazil,Brazilian Nickel Plc (100.00),10.03,0.9,19.9,14.64,31.71,249.29,144.0,7.43,80.66,527.74
Ruashi,29830.0,Dem. Rep. Congo,"Jinchuan Group International Resources Co. Ltd. (70.00)
Gécamines SA (25.00)
Dem. Rep. Congo (5.00)",10.53,1.4,21.299999999999997,122.32,107.44,151.59,58.23,67.11,80.06,586.76
Kolwezi,78612.0,Dem. Rep. Congo,"Zijin Mining Group Co. Ltd. (67.00)
Gécamines SA (33.00)",11.25,0.2,21.499999999999996,39.73,108.44,13.63,159.82,263.09,35.56,620.27
Chambishi,28268.0,Zambia,"China Nonferrous Mining Corp. Ltd. (85.00)
ZCCM Investments Holdings PLC (15.00)",11.34,5.6,27.099999999999994,137.18,38.02,8.18,129.53,252.59,78.68,644.18
Taganito,29157.0,Philippines,"Nickel Asia Corporation (65.00)
Pacific Metals Co. Ltd. (33.50)
Sojitz Corp. (1.50)",14.31,2.5,29.599999999999994,30.54,37.67,117.62,111.39,305.55,42.86,645.62
Norilsk,75972.0,Russia,PJSC Mining and Metallurgical Co. Norilsk Nickel (100.00),15.62,4.3,33.89999999999999,74.68,15.04,4.14,71.18,425.84,58.09,648.96
Etoile,36399.0,Dem. Rep. Congo,"Shalina Resources Ltd. (95.00)
Dem. Rep. Congo (5.00)",17.89,2.6,36.49999999999999,98.9,202.09,89.64,193.66,10.27,60.33,654.9
Kalongwe,38132.0,Dem. Rep. Congo,"Chengtun Mining Group Co. Ltd. (85.00)
La Generale Industrielle et Commerciale au Congo SPRL (10.00)
Dem. Rep. Congo (5.00)",19.28,7.9,44.39999999999999,20.55,31.53,5.51,57.32,489.94,71.93,676.78
Kisanfu,35320.0,Dem. Rep. Congo,"CMOC Group Ltd. (71.25)
Contemporary Amperex Technology Co. Ltd. (23.75)",23.42,39.0,83.39999999999999,18.07,26.38,116.29,29.63,415.43,80.74,686.53
Eagle,33795.0,USA,Lundin Mining Corp. (100.00),43.96,0.2,83.6,145.99,165.23,23.37,152.15,172.97,49.96,709.68
Musonoi,37355.0,Dem. Rep. Congo,"Jinchuan Group International Resources Co. Ltd. (70.00)
Gécamines SA (25.00)
Dem. Rep. Congo (5.00)",44.05,6.1,89.69999999999999,119.88,60.7,3.52,117.82,322.88,107.84,732.64
Zimplats,29249.0,Zimbabwe,Zimplats Holdings Ltd. (100.00),47.25,0.1,89.79999999999998,139.67,58.54,6.78,411.63,89.97,41.62,748.21
Mutanda SX-EW,76076.0,Dem. Rep. Congo,Glencore PLC (100.00),47.28,10.0,99.79999999999998,112.83,75.89,19.56,97.17,349.4,110.07,764.93
Sichuan La-La,31591.0,China,China State-Owned Mining Enterprise (100.00),52.55,0.1,99.89999999999998,18.25,42.38,7.98,44.39,619.04,54.82,786.86
Deerni,30531.0,China,Zijin Mining Group Co. Ltd. (100.00),52.63,0.4,100.29999999999998,75.19,35.69,3.52,50.17,617.92,30.36,812.84
Kamoto SX-EW,79271.0,Dem. Rep. Congo,"Glencore PLC (75.00)
Dem. Rep. Congo (25.00)",52.83,22.2,122.49999999999999,53.56,210.44,60.19,194.84,222.44,73.04,814.52
Kevitsa,29179.0,Finland,Boliden AB (publ) (100.00),64.5,0.3,122.79999999999998,13.94,20.11,10.94,20.19,750.06,0.0,815.25
Kalatongke,34844.0,China,Xinjiang Xinxin Mining Industry Co. Ltd. (100.00),64.64,0.2,122.99999999999999,74.64,30.88,8.19,75.08,612.01,17.12,817.92
Jinchuan,27136.0,China,JinChuan Group Co.Ltd. (100.00),64.73,2.9,125.89999999999999,80.6,11.73,1.64,20.57,703.61,8.41,826.55
Tenke Fungurume,28371.0,Dem. Rep. Congo,"CMOC Group Ltd. (80.00)
Gécamines SA (20.00)",66.25,49.3,175.2,16.81,140.69,59.42,163.94,414.58,41.67,837.12
Rio Tuba,34257.0,Philippines,"Nickel Asia Corporation (60.00)
Pacific Metals Co. Ltd. (36.00)
Sojitz Corp. (4.00)",92.23,1.5,176.7,60.01,46.96,195.4,146.44,397.94,0.0,846.76
Tulaergen,80826.0,China,China State-Owned Mining Enterprise (100.00),93.02,0.1,176.79999999999998,72.92,50.59,16.23,64.07,676.41,14.6,894.83
Raglan,26073.0,Canada,Glencore PLC (100.00),93.09,0.5,177.29999999999998,205.6,53.52,20.0,409.37,168.19,49.93,906.61
Santa Rita,33832.0,Brazil,Appian Capital Advisory LLP (100.00),93.35,0.3,177.6,26.09,49.32,21.08,81.34,728.58,29.75,936.16
Munali,27453.0,Zambia,"Consolidated Mining and Investments Ltd (68.00)
Jinchuan Group International Resources Co. Ltd. (32.00)",93.5,0.1,177.7,32.74,75.85,10.25,101.82,688.11,34.31,943.08
Ramu,27187.0,Papua New Guinea,"Metallurgical Corp. of China Ltd. (56.97)
Ji Lin Ji En Nickel Industry Co. Ltd. (11.05)
Jiuquan Iron and Steel (Group) Co. Ltd. (11.05)
Nickel 28 Capital Corp. (8.56)
Jinchuan Group International Resources Co. Ltd. (5.93)
Mineral Resources Development Corp. (3.94)
Private Interest (2.50)",93.54,2.9,180.6,64.54,183.89,38.23,115.28,546.33,16.03,964.3
Terrafame,35352.0,Finland,Terrafame Oy (100.00),95.04,0.4,181.0,99.18,75.86,335.29,177.63,326.53,0.0,1014.49
Ontario Division,27672.0,Canada,Vale SA (100.00),95.23,0.4,181.4,86.78,49.01,16.02,146.82,731.26,0.0,1029.9
Ta Khoa,27531.0,Vietnam,"Xalotho Co. Ltd (80.00)
Blackstone Minerals Ltd. (20.00)",95.42,0.2,181.6,34.96,96.41,27.44,369.64,450.08,61.22,1039.76
Mimosa,27951.0,Zimbabwe,"Impala Platinum Holdings Ltd. (50.00)
Sibanye Stillwater Ltd. (50.00)",95.51,0.2,181.79999999999998,228.62,360.84,22.15,257.82,132.22,45.14,1046.78
East Yellow Mountain,33386.0,China,Xinjiang Xinxin Mining Industry Co. Ltd. (100.00),95.59,0.2,181.99999999999997,38.88,13.25,4.36,17.92,1025.24,14.32,1113.97
Impala Bafokeng,30267.0,South Africa,"Impala Platinum Holdings Ltd. (87.00)
Private Interest (13.00)",95.72,0.1,182.09999999999997,573.43,216.7,16.14,295.46,0.93,17.22,1119.87
Alex,81253.0,China,Xinjiang Xinxin Mining Industry Co. Ltd. (100.00),95.75,0.0,182.09999999999997,134.98,73.77,36.02,159.35,586.75,150.99,1141.87
Murrin Murrin,28725.0,Australia,Glencore PLC (100.00),95.77,2.3,184.39999999999998,464.84,198.01,165.99,274.6,63.28,31.34,1198.06
Manitoba Division,26560.0,Canada,Vale SA (100.00),96.98,0.1,184.49999999999997,103.99,42.76,21.43,224.79,805.75,0.0,1198.72
Sudbury Operations,27146.0,Canada,Glencore PLC (100.00),97.04,0.2,184.69999999999996,329.14,103.57,35.47,581.81,192.77,0.0,1242.75
Ambatovy,30428.0,Madagascar,"Sumitomo Corp. (54.17)
Korea Mine Rehabilitation and Mineral Resources Corp. (45.82)",97.12,2.3,186.99999999999997,127.16,133.39,112.19,680.09,172.53,18.89,1244.24
Goro,27742.0,New Caledonia,"Prony Resources New Caledonia consortium (95.00)
Societe de Participation Miniere du Sud Caledonia SAS (5.00)",98.33,1.8,188.79999999999998,115.06,152.91,372.0,340.89,399.58,0.0,1380.44
Voisey's Bay,28992.0,Canada,Vale SA (100.00),99.27,1.3,190.1,306.04,240.57,46.47,733.88,284.36,31.45,1642.76
Nchanga,28264.0,Zambia,"Vedanta Inc. (79.40)
ZCCM Investments Holdings PLC (20.60)",99.93,0.1,190.2,542.37,421.35,26.81,140.45,504.95,75.31,1711.25
"*Figures pre-2025 are based on reported/actual data where available. Figures from 2025 and later are based on S&P Global Market Intelligence's estimates and forecasts. For Market Intelligence's Constant scenario, all forecasts for prices are in constant 2024 US dollars (e.g. wage rates, electricity prices, reagent or fuel costs and metal prices).",,,,,0.0,190.2,,,,,,,
