Country/Region,Score Change Date,Overall Score,SCORE BREAKDOWN,Unnamed: 4,Unnamed: 5,Unnamed: 6,Unnamed: 7,Unnamed: 8,Prior Overall Score
,,,POLITICAL,ECONOMIC,LEGAL,TAX,OPERATIONAL,SECURITY,
Afghanistan,2024-10-08,4.4 - Increase Risk,4.2 - Increase Risk,6.7 - No Changes,3.7 - No Changes,3.3 - Increase Risk,4.6 - Increase Risk,3.8 - No Changes,4.5
Albania,2023-06-19,2.0 - No Changes,2.1 - No Changes,2.0 - Decrease Risk,2.1 - No Changes,1.9 - Increase Risk,2.3 - Increase Risk,1.6 - No Changes,2.1
Algeria,2026-05-11,2.4 - No Changes,1.6 - Decrease Risk,3.4 - No Changes,2.7 - No Changes,2.5 - Decrease Risk,2.5 - No Changes,1.9 - No Changes,2.5
Andorra,2026-05-01,1.1 - No Changes,1.1 - No Changes,1.8 - Decrease Risk,0.7 - No Changes,1.2 - Increase Risk,1.1 - No Changes,0.5 - No Changes,1.0
Angola,2026-05-11,2.4 - No Changes,2.1 - No Changes,3.2 - Decrease Risk,2.0 - No Changes,2.1 - No Changes,2.9 - No Changes,2.0 - No Changes,2.5
Anguilla,2024-05-13,1.3 - No Changes,1.3 - No Changes,1.6 - No Changes,1.4 - No Changes,1.4 - Decrease Risk,1.3 - No Changes,0.7 - No Changes,1.4
Antigua and Barbuda,2026-05-11,1.7 - No Changes,1.7 - No Changes,1.6 - No Changes,1.6 - No Changes,1.9 - Decrease Risk,2.0 - No Changes,0.9 - No Changes,1.6
Argentina,2025-11-11,2.5 - No Changes,1.9 - Increase Risk,4.1 - Decrease Risk,1.9 - Decrease Risk,2.3 - Decrease Risk,2.8 - No Changes,1.7 - No Changes,2.6
Armenia,2023-09-27,2.3 - No Changes,2.3 - No Changes,2.2 - Decrease Risk,2.5 - Increase Risk,2.1 - Increase Risk,2.4 - No Changes,2.2 - Decrease Risk,2.2
Aruba,2025-04-14,1.2 - No Changes,1.1 - No Changes,1.5 - No Changes,1.1 - No Changes,1.3 - No Changes,1.5 - No Changes,0.8 - No Changes,1.3
Australia,2026-04-17,1.4 - No Changes,1.6 - No Changes,1.4 - No Changes,1.1 - No Changes,1.7 - Increase Risk,1.4 - No Changes,1.1 - No Changes,1.3
Austria,2026-05-11,1.7 - No Changes,1.7 - No Changes,1.8 - No Changes,1.5 - No Changes,1.4 - No Changes,1.6 - No Changes,1.9 - No Changes,1.6
Azerbaijan,2025-06-20,1.9 - No Changes,1.1 - No Changes,2.6 - Decrease Risk,1.9 - No Changes,1.9 - No Changes,1.9 - No Changes,2.0 - Decrease Risk,1.8
Bahamas,2023-05-04,1.5 - No Changes,1.6 - No Changes,1.4 - No Changes,1.6 - No Changes,1.5 - No Changes,2.0 - No Changes,0.8 - No Changes,1.6
Bahrain,2026-05-11,2.5 - No Changes,1.9 - No Changes,3.5 - Decrease Risk,2.1 - No Changes,2.4 - No Changes,2.2 - No Changes,2.7 - No Changes,2.4
Bangladesh,2025-02-14,3.1 - No Changes,2.4 - Increase Risk,3.8 - Decrease Risk,2.7 - No Changes,3.4 - Increase Risk,4.0 - No Changes,2.4 - Increase Risk,3.2
Barbados,2025-06-06,1.5 - No Changes,1.6 - No Changes,2.0 - No Changes,1.4 - No Changes,1.9 - No Changes,1.5 - No Changes,0.8 - No Changes,1.6
Belarus,2023-08-16,3.3 - No Changes,2.5 - No Changes,4.5 - Decrease Risk,4.3 - No Changes,3.5 - Increase Risk,3.3 - No Changes,1.6 - No Changes,3.4
Belgium,2025-05-12,1.8 - No Changes,1.7 - Decrease Risk,1.8 - No Changes,1.3 - No Changes,1.9 - No Changes,1.8 - Increase Risk,2.2 - Increase Risk,1.7
Belize,2025-04-03,2.1 - No Changes,2.1 - No Changes,1.5 - No Changes,2.8 - No Changes,2.1 - No Changes,2.7 - No Changes,1.3 - No Changes,2.2
Benin,2026-04-24,2.4 - Decrease Risk,1.7 - Decrease Risk,2.7 - Decrease Risk,2.6 - No Changes,2.4 - Decrease Risk,3.1 - No Changes,2.1 - No Changes,2.5
Bermuda,2026-01-20,1.2 - No Changes,1.7 - No Changes,1.0 - No Changes,1.3 - No Changes,1.0 - No Changes,1.3 - No Changes,0.7 - No Changes,1.1
Bhutan,2026-05-11,1.5 - No Changes,0.8 - No Changes,2.7 - Decrease Risk,1.2 - No Changes,1.5 - Increase Risk,2.0 - No Changes,0.6 - No Changes,1.4
Bolivia,2026-05-29,3.0 - Decrease Risk,2.7 - No Changes,4.5 - Decrease Risk,3.0 - No Changes,2.5 - Decrease Risk,3.3 - Decrease Risk,1.8 - No Changes,2.9
Bosnia & Herzegovina,2023-11-06,2.6 - No Changes,3.2 - No Changes,2.6 - Decrease Risk,2.4 - No Changes,2.3 - No Changes,2.8 - No Changes,2.5 - No Changes,2.5
Botswana,2026-02-10,2.0 - No Changes,1.9 - No Changes,2.9 - Decrease Risk,1.7 - Increase Risk,2.5 - Increase Risk,2.1 - No Changes,0.8 - No Changes,1.9
Brazil,2026-05-11,2.3 - No Changes,2.1 - No Changes,2.3 - Decrease Risk,1.9 - No Changes,2.8 - Increase Risk,2.7 - No Changes,1.7 - Increase Risk,2.2
Brunei,2025-03-24,0.8 - No Changes,0.3 - No Changes,0.7 - No Changes,1.1 - No Changes,1.2 - No Changes,1.0 - No Changes,0.2 - No Changes,0.7
Bulgaria,2025-08-11,2.1 - No Changes,2.8 - Increase Risk,2.0 - Decrease Risk,2.1 - No Changes,1.9 - No Changes,2.2 - No Changes,1.7 - No Changes,2.2
Burkina Faso,2026-05-11,3.7 - Increase Risk,4.3 - Increase Risk,3.7 - Decrease Risk,3.4 - Increase Risk,3.2 - Increase Risk,3.5 - Increase Risk,3.8 - Increase Risk,3.6
Burundi,2023-11-06,3.3 - No Changes,3.0 - No Changes,4.6 - Decrease Risk,3.0 - No Changes,3.3 - No Changes,3.5 - No Changes,2.6 - No Changes,3.2
Cabo Verde,2024-06-06,1.7 - No Changes,1.6 - No Changes,2.2 - Decrease Risk,1.6 - No Changes,1.9 - No Changes,1.9 - No Changes,1.1 - No Changes,1.8
Cambodia,2026-05-11,2.0 - No Changes,1.5 - No Changes,2.4 - Decrease Risk,1.7 - No Changes,1.7 - Increase Risk,2.9 - Decrease Risk,1.5 - No Changes,1.9
Cameroon,2026-05-11,3.0 - No Changes,2.9 - Increase Risk,2.6 - Decrease Risk,2.6 - No Changes,3.2 - Increase Risk,3.5 - No Changes,2.9 - Increase Risk,2.9
Canada,2025-05-08,1.3 - No Changes,1.2 - No Changes,1.4 - No Changes,1.0 - No Changes,1.2 - No Changes,1.5 - Increase Risk,1.3 - No Changes,1.4
Cayman Islands,2022-05-06,1.2 - No Changes,1.9 - No Changes,0.9 - No Changes,1.3 - No Changes,1.1 - Decrease Risk,1.3 - No Changes,0.7 - No Changes,1.1
Central African Rep.,2026-05-11,4.2 - Increase Risk,4.7 - Increase Risk,3.7 - Decrease Risk,3.7 - Increase Risk,4.7 - Increase Risk,4.6 - No Changes,3.5 - Increase Risk,4.1
Chad,2024-06-13,3.5 - No Changes,3.4 - Increase Risk,2.8 - Decrease Risk,3.3 - No Changes,3.5 - Decrease Risk,4.5 - No Changes,3.6 - Increase Risk,3.6
Chile,2026-03-12,1.6 - No Changes,1.6 - No Changes,1.3 - No Changes,1.7 - No Changes,1.6 - Decrease Risk,1.8 - No Changes,1.8 - No Changes,1.7
China,2025-11-25,2.0 - No Changes,2.1 - No Changes,0.9 - No Changes,2.4 - No Changes,2.3 - Increase Risk,2.7 - Increase Risk,1.7 - No Changes,2.1
Colombia,2024-08-13,2.4 - No Changes,2.6 - Increase Risk,2.1 - No Changes,2.2 - Decrease Risk,2.3 - Increase Risk,2.6 - No Changes,2.7 - No Changes,2.3
Comoros,2024-04-05,2.8 - No Changes,2.7 - No Changes,3.4 - Decrease Risk,2.7 - No Changes,2.8 - No Changes,3.2 - No Changes,1.8 - No Changes,2.9
Costa Rica,2026-02-04,1.7 - Increase Risk,2.0 - No Changes,1.1 - Increase Risk,1.8 - No Changes,2.2 - Increase Risk,2.2 - Increase Risk,1.1 - Increase Risk,1.8
Côte d'Ivoire,2025-07-21,2.1 - No Changes,1.4 - No Changes,2.8 - Decrease Risk,1.9 - No Changes,1.8 - No Changes,2.5 - No Changes,2.1 - No Changes,2.2
Croatia,2025-05-12,1.6 - No Changes,1.5 - No Changes,1.9 - No Changes,1.3 - No Changes,1.5 - Increase Risk,2.2 - No Changes,1.3 - No Changes,1.5
Cuba,2026-01-06,3.1 - Increase Risk,3.1 - Increase Risk,5.6 - Decrease Risk,2.3 - No Changes,3.0 - Increase Risk,3.1 - Increase Risk,1.7 - Increase Risk,3.0
Curaçao,2024-11-12,1.2 - No Changes,1.1 - No Changes,1.4 - No Changes,1.1 - No Changes,1.3 - No Changes,1.5 - No Changes,0.7 - No Changes,1.3
Cyprus,2025-09-11,1.6 - Decrease Risk,1.7 - No Changes,1.9 - Decrease Risk,1.3 - Decrease Risk,1.9 - Decrease Risk,1.6 - Decrease Risk,1.4 - No Changes,1.7
Czechia,2024-09-30,1.6 - No Changes,1.7 - No Changes,2.0 - No Changes,1.8 - No Changes,1.5 - Increase Risk,1.3 - No Changes,1.2 - No Changes,1.5
Dem. Rep. Congo,2025-11-06,4.3 - No Changes,3.9 - Increase Risk,3.0 - Decrease Risk,4.3 - No Changes,4.5 - No Changes,5.5 - Increase Risk,4.4 - Increase Risk,4.4
Denmark,2026-02-03,1.3 - No Changes,1.3 - No Changes,1.5 - No Changes,0.7 - No Changes,1.4 - Increase Risk,1.1 - No Changes,1.8 - Increase Risk,1.2
Djibouti,2024-08-14,3.2 - No Changes,2.5 - No Changes,4.5 - Decrease Risk,3.6 - No Changes,3.5 - No Changes,2.9 - No Changes,2.2 - Decrease Risk,3.1
Dominica,2023-11-06,1.5 - No Changes,1.7 - No Changes,1.6 - No Changes,1.2 - No Changes,1.3 - No Changes,2.1 - No Changes,1.0 - No Changes,1.6
Dominican Republic,2025-09-30,1.7 - No Changes,1.6 - No Changes,1.7 - No Changes,1.7 - No Changes,2.0 - Decrease Risk,2.1 - No Changes,1.0 - No Changes,1.8
Ecuador,2025-05-09,2.6 - Increase Risk,2.3 - Increase Risk,2.3 - No Changes,2.5 - No Changes,3.0 - Increase Risk,3.1 - No Changes,2.2 - Increase Risk,2.7
Egypt,2026-03-02,2.6 - No Changes,1.8 - No Changes,3.5 - Decrease Risk,2.2 - No Changes,3.2 - No Changes,2.5 - No Changes,2.3 - No Changes,2.5
El Salvador,2025-04-11,2.3 - Increase Risk,2.1 - No Changes,2.4 - No Changes,2.5 - Increase Risk,2.7 - Increase Risk,2.8 - Increase Risk,1.2 - No Changes,2.4
Equatorial Guinea,2025-03-05,2.9 - No Changes,2.5 - No Changes,3.1 - Decrease Risk,4.0 - No Changes,3.0 - No Changes,3.6 - No Changes,1.3 - No Changes,3.0
Eritrea,2025-11-06,4.0 - No Changes,3.6 - No Changes,5.4 - Decrease Risk,4.3 - No Changes,3.5 - No Changes,4.1 - No Changes,2.7 - No Changes,3.9
Estonia,2025-02-05,1.4 - No Changes,1.2 - No Changes,2.0 - No Changes,1.1 - No Changes,1.3 - Increase Risk,1.3 - No Changes,1.3 - Increase Risk,1.3
Eswatini,2026-02-11,2.3 - No Changes,2.3 - Increase Risk,2.5 - Decrease Risk,2.2 - No Changes,2.5 - Increase Risk,2.9 - No Changes,1.6 - No Changes,2.4
Ethiopia,2024-08-13,3.5 - No Changes,3.2 - No Changes,4.6 - Decrease Risk,2.8 - No Changes,3.1 - Increase Risk,3.3 - No Changes,4.1 - No Changes,3.4
Fiji,2024-01-15,1.7 - No Changes,1.6 - No Changes,2.6 - Decrease Risk,1.3 - No Changes,2.1 - Increase Risk,1.7 - Decrease Risk,0.9 - No Changes,1.8
Finland,2025-11-06,1.2 - No Changes,1.1 - No Changes,1.7 - No Changes,0.5 - No Changes,1.0 - No Changes,1.4 - No Changes,1.5 - No Changes,1.3
France,2025-09-05,2.1 - No Changes,2.1 - No Changes,1.8 - No Changes,1.9 - No Changes,2.0 - Increase Risk,2.4 - Increase Risk,2.3 - No Changes,2.0
French Guiana,2023-06-30,1.6 - No Changes,1.9 - No Changes,1.5 - No Changes,1.3 - Increase Risk,1.5 - Increase Risk,2.1 - No Changes,1.2 - No Changes,1.5
Gabon,2025-05-14,2.5 - No Changes,1.9 - No Changes,2.9 - Decrease Risk,2.7 - Decrease Risk,3.4 - Increase Risk,3.0 - Decrease Risk,1.2 - No Changes,2.4
Gambia,2025-11-06,2.3 - Decrease Risk,2.0 - No Changes,3.0 - Decrease Risk,2.1 - Decrease Risk,2.6 - Decrease Risk,2.5 - No Changes,1.6 - No Changes,2.4
Georgia,2026-03-09,2.0 - Increase Risk,1.4 - Increase Risk,2.5 - No Changes,2.0 - Increase Risk,1.4 - No Changes,2.5 - Increase Risk,2.3 - No Changes,2.1
Germany,2026-01-26,1.6 - No Changes,1.6 - No Changes,1.7 - No Changes,1.4 - No Changes,1.4 - No Changes,1.6 - No Changes,2.0 - Increase Risk,1.7
Ghana,2026-02-27,2.3 - No Changes,1.8 - No Changes,2.5 - Decrease Risk,2.4 - No Changes,2.9 - No Changes,2.4 - No Changes,1.7 - No Changes,2.2
Greece,2025-09-15,1.7 - Decrease Risk,1.8 - No Changes,1.8 - Decrease Risk,1.6 - Decrease Risk,1.4 - Decrease Risk,2.0 - Decrease Risk,1.8 - Increase Risk,1.8
Grenada,2026-05-11,1.6 - No Changes,1.8 - No Changes,1.9 - No Changes,1.4 - No Changes,1.6 - No Changes,2.2 - No Changes,0.7 - No Changes,1.5
Guatemala,2024-07-01,2.4 - No Changes,2.4 - No Changes,1.3 - No Changes,2.9 - No Changes,2.7 - Increase Risk,3.2 - Increase Risk,1.7 - No Changes,2.5
Guinea,2026-02-09,3.0 - No Changes,2.3 - Decrease Risk,3.0 - Decrease Risk,3.2 - No Changes,4.0 - Increase Risk,3.5 - No Changes,2.1 - No Changes,3.1
Guinea-Bissau,2026-05-11,3.7 - No Changes,4.3 - Increase Risk,3.6 - Decrease Risk,3.7 - No Changes,3.7 - No Changes,4.1 - No Changes,2.5 - Increase Risk,3.6
Guyana,2025-09-22,2.0 - No Changes,2.1 - No Changes,1.8 - No Changes,2.0 - Decrease Risk,1.5 - No Changes,3.0 - No Changes,1.6 - Decrease Risk,2.1
Haiti,2026-05-11,4.8 - Increase Risk,6.6 - Increase Risk,7.4 - Decrease Risk,3.3 - Increase Risk,3.1 - No Changes,5.5 - Increase Risk,3.1 - Increase Risk,4.9
Honduras,2026-04-20,2.5 - No Changes,2.8 - No Changes,1.6 - No Changes,2.8 - No Changes,3.0 - Increase Risk,3.3 - No Changes,1.7 - No Changes,2.6
Hong Kong,2023-06-27,1.1 - No Changes,1.5 - No Changes,0.7 - No Changes,1.3 - No Changes,0.5 - Decrease Risk,1.5 - No Changes,1.1 - Decrease Risk,1.2
Hungary,2026-05-11,1.6 - Decrease Risk,1.6 - No Changes,2.6 - No Changes,1.7 - Decrease Risk,1.2 - Decrease Risk,1.3 - Decrease Risk,0.9 - No Changes,1.5
Iceland,2024-12-20,1.1 - No Changes,1.2 - No Changes,1.8 - Decrease Risk,0.7 - No Changes,1.2 - Increase Risk,1.1 - No Changes,0.7 - No Changes,1.2
India,2026-05-11,2.2 - No Changes,1.9 - No Changes,2.1 - Decrease Risk,1.8 - No Changes,1.9 - Decrease Risk,2.6 - No Changes,2.7 - No Changes,2.1
Indonesia,2026-05-11,2.3 - No Changes,2.1 - No Changes,2.3 - No Changes,2.3 - No Changes,1.9 - No Changes,2.8 - Increase Risk,2.3 - Increase Risk,2.2
Iran,2026-05-12,4.7 - No Changes,4.3 - Increase Risk,7.5 - Decrease Risk,3.9 - No Changes,3.2 - No Changes,4.4 - Increase Risk,4.6 - Increase Risk,4.6
Iraq,2026-05-11,4.0 - No Changes,4.2 - No Changes,3.6 - No Changes,4.1 - No Changes,3.2 - No Changes,4.5 - Increase Risk,4.3 - Increase Risk,3.9
Ireland,2025-05-12,1.5 - No Changes,1.4 - No Changes,1.9 - Decrease Risk,1.3 - No Changes,1.4 - No Changes,1.4 - No Changes,1.7 - No Changes,1.4
Israel,2025-11-06,2.2 - No Changes,2.6 - No Changes,2.0 - Decrease Risk,1.8 - No Changes,1.5 - No Changes,2.1 - Increase Risk,3.4 - Increase Risk,2.3
Italy,2026-05-11,2.0 - No Changes,1.8 - No Changes,2.0 - Decrease Risk,1.9 - No Changes,1.9 - Increase Risk,2.2 - No Changes,1.9 - No Changes,1.9
Jamaica,2026-01-26,2.1 - No Changes,1.6 - No Changes,3.4 - Decrease Risk,1.9 - No Changes,2.2 - No Changes,2.6 - No Changes,1.1 - No Changes,2.2
Japan,2026-03-04,1.3 - No Changes,1.3 - No Changes,1.3 - No Changes,0.5 - No Changes,2.2 - No Changes,1.3 - Increase Risk,1.1 - Increase Risk,1.2
Jordan,2025-11-06,2.3 - No Changes,2.0 - No Changes,2.6 - Decrease Risk,1.8 - Decrease Risk,2.8 - No Changes,2.5 - No Changes,2.2 - No Changes,2.4
Kazakhstan,2026-05-01,2.2 - No Changes,1.9 - Decrease Risk,2.7 - Decrease Risk,2.8 - No Changes,2.1 - No Changes,2.7 - Increase Risk,1.2 - Decrease Risk,2.2
Kenya,2025-11-06,2.8 - No Changes,2.5 - No Changes,3.4 - Decrease Risk,2.2 - No Changes,3.3 - Increase Risk,3.0 - No Changes,2.5 - Increase Risk,2.9
Kiribati,2025-04-01,1.5 - No Changes,1.3 - No Changes,2.2 - No Changes,1.2 - No Changes,1.6 - No Changes,2.2 - No Changes,0.6 - No Changes,1.6
Kuwait,2026-05-11,2.1 - No Changes,1.8 - Increase Risk,2.3 - Decrease Risk,2.4 - No Changes,1.5 - No Changes,2.4 - Increase Risk,1.9 - No Changes,2.0
Kyrgyzstan,2026-05-11,3.1 - No Changes,2.5 - No Changes,2.9 - Decrease Risk,4.2 - No Changes,3.5 - No Changes,3.6 - No Changes,1.6 - Decrease Risk,3.0
Laos,2024-01-15,2.4 - No Changes,1.9 - No Changes,3.6 - Decrease Risk,2.4 - No Changes,2.8 - No Changes,2.6 - No Changes,1.0 - No Changes,2.3
Latvia,2025-06-09,1.6 - No Changes,2.0 - No Changes,2.1 - No Changes,1.2 - No Changes,1.5 - Decrease Risk,1.5 - No Changes,1.4 - No Changes,1.5
Lebanon,2026-05-11,4.2 - No Changes,3.6 - No Changes,5.9 - Decrease Risk,3.9 - No Changes,3.7 - Increase Risk,4.6 - No Changes,3.6 - No Changes,4.1
Lesotho,2026-05-11,2.5 - No Changes,2.8 - No Changes,3.0 - Decrease Risk,2.2 - Increase Risk,2.5 - No Changes,2.6 - No Changes,1.6 - No Changes,2.4
Liberia,2026-05-11,3.1 - Decrease Risk,2.5 - No Changes,3.4 - Decrease Risk,2.9 - Decrease Risk,3.9 - Decrease Risk,3.9 - No Changes,1.8 - Decrease Risk,3.0
Libya,2025-05-09,4.8 - No Changes,5.2 - No Changes,5.2 - Decrease Risk,4.7 - No Changes,4.6 - Increase Risk,5.0 - No Changes,4.1 - No Changes,4.7
Liechtenstein,2026-05-11,0.9 - No Changes,0.9 - No Changes,1.0 - No Changes,0.6 - No Changes,1.3 - Increase Risk,0.8 - No Changes,0.5 - No Changes,0.8
Lithuania,2025-08-27,1.5 - No Changes,1.6 - No Changes,1.9 - No Changes,1.0 - No Changes,1.6 - No Changes,1.5 - No Changes,1.3 - Increase Risk,1.4
Luxembourg,2026-05-11,1.3 - No Changes,1.1 - No Changes,1.7 - No Changes,1.0 - No Changes,1.2 - No Changes,1.2 - No Changes,1.3 - No Changes,1.2
Macau,2023-05-04,0.8 - No Changes,1.0 - No Changes,0.5 - No Changes,1.1 - Increase Risk,0.7 - No Changes,1.1 - No Changes,0.6 - No Changes,0.9
Madagascar,2024-10-09,2.8 - No Changes,2.4 - No Changes,3.8 - Decrease Risk,2.5 - No Changes,3.4 - Increase Risk,3.3 - No Changes,1.3 - No Changes,2.9
Malawi,2026-01-15,3.1 - No Changes,3.3 - Increase Risk,4.8 - Decrease Risk,2.7 - No Changes,3.1 - No Changes,3.2 - Increase Risk,1.7 - No Changes,3.2
Malaysia,2026-01-14,1.3 - No Changes,1.4 - No Changes,1.3 - No Changes,1.2 - No Changes,1.7 - No Changes,1.3 - Increase Risk,1.0 - No Changes,1.4
Maldives,2025-06-06,2.2 - No Changes,1.7 - No Changes,3.0 - No Changes,2.2 - No Changes,2.4 - No Changes,2.7 - No Changes,1.3 - No Changes,2.3
Mali,2026-05-11,3.9 - Increase Risk,4.4 - Increase Risk,3.7 - Decrease Risk,3.1 - Increase Risk,3.5 - Increase Risk,3.9 - Increase Risk,4.5 - Increase Risk,3.8
Malta,2026-05-01,1.7 - No Changes,2.0 - No Changes,1.7 - No Changes,2.1 - Decrease Risk,1.5 - No Changes,1.8 - No Changes,0.9 - No Changes,1.6
Marshall Islands,2019-09-30,1.4 - No Changes,1.0 - No Changes,1.4 - No Changes,1.0 - No Changes,2.1 - Increase Risk,2.2 - No Changes,0.4 - No Changes,1.5
Martinique,2023-06-30,1.6 - No Changes,1.6 - No Changes,1.7 - No Changes,1.6 - No Changes,1.5 - Increase Risk,2.0 - No Changes,1.3 - No Changes,1.5
Mauritania,2026-05-11,2.4 - No Changes,1.8 - No Changes,2.6 - Decrease Risk,2.1 - No Changes,2.4 - Increase Risk,3.3 - No Changes,1.9 - No Changes,2.3
Mauritius,2025-06-10,1.3 - No Changes,1.2 - No Changes,2.1 - Decrease Risk,0.8 - No Changes,1.4 - Increase Risk,1.3 - Increase Risk,0.8 - No Changes,1.2
Mexico,2026-02-25,2.8 - No Changes,2.7 - No Changes,2.3 - No Changes,3.2 - No Changes,2.7 - Increase Risk,3.4 - No Changes,2.3 - Increase Risk,2.7
Micronesia,2023-11-06,1.3 - No Changes,0.7 - No Changes,1.6 - No Changes,1.2 - No Changes,2.0 - Decrease Risk,1.8 - No Changes,0.6 - No Changes,1.4
Moldova,2025-11-06,2.2 - No Changes,2.1 - No Changes,3.0 - No Changes,2.4 - No Changes,1.8 - Decrease Risk,2.0 - No Changes,2.0 - No Changes,2.3
Monaco,2026-02-10,0.8 - No Changes,0.6 - Decrease Risk,1.7 - No Changes,0.6 - No Changes,0.6 - No Changes,0.9 - Decrease Risk,0.5 - No Changes,0.7
Mongolia,2026-05-11,2.3 - No Changes,1.9 - No Changes,3.3 - Decrease Risk,2.3 - No Changes,2.7 - Increase Risk,2.6 - No Changes,0.9 - No Changes,2.2
Montenegro,2025-11-24,1.9 - Decrease Risk,1.8 - No Changes,2.9 - Decrease Risk,1.9 - Decrease Risk,1.7 - Decrease Risk,1.9 - Decrease Risk,1.3 - Decrease Risk,2.2
Morocco,2025-11-06,2.1 - No Changes,1.7 - Decrease Risk,2.0 - Decrease Risk,2.2 - No Changes,2.2 - No Changes,2.6 - Increase Risk,2.1 - Increase Risk,2.2
Mozambique,2025-05-09,3.2 - No Changes,3.0 - No Changes,4.4 - Decrease Risk,2.6 - No Changes,2.8 - Increase Risk,3.6 - No Changes,2.8 - Increase Risk,3.1
Myanmar,2026-01-29,3.7 - Increase Risk,3.7 - Increase Risk,5.5 - Decrease Risk,3.1 - Increase Risk,1.9 - Increase Risk,4.3 - Increase Risk,3.9 - Increase Risk,3.8
Namibia,2025-11-06,2.0 - No Changes,1.8 - No Changes,2.4 - Decrease Risk,2.1 - No Changes,2.2 - No Changes,2.2 - No Changes,1.2 - No Changes,2.0
Nauru,2025-03-11,1.8 - No Changes,1.9 - Increase Risk,1.9 - No Changes,2.0 - No Changes,1.9 - Decrease Risk,2.2 - No Changes,0.8 - No Changes,1.9
Nepal,2025-09-23,2.7 - No Changes,3.2 - No Changes,2.7 - No Changes,2.6 - No Changes,2.6 - No Changes,3.2 - No Changes,1.7 - No Changes,2.6
Netherlands,2026-03-17,1.5 - No Changes,1.3 - No Changes,1.7 - No Changes,1.2 - No Changes,1.6 - No Changes,1.4 - No Changes,2.0 - Decrease Risk,1.8
New Zealand,2023-05-04,1.0 - Increase Risk,1.2 - Increase Risk,1.6 - No Changes,0.4 - No Changes,1.2 - Increase Risk,0.9 - Increase Risk,0.6 - Increase Risk,1.1
Nicaragua,2024-11-12,2.9 - Increase Risk,2.7 - Increase Risk,2.2 - No Changes,4.0 - Increase Risk,3.7 - Increase Risk,3.4 - Increase Risk,1.3 - Increase Risk,3.0
Niger,2023-11-06,3.8 - Increase Risk,3.6 - Increase Risk,3.8 - Decrease Risk,3.9 - Increase Risk,4.2 - Increase Risk,3.7 - Increase Risk,3.5 - Increase Risk,3.7
Nigeria,2026-02-10,3.4 - No Changes,2.5 - No Changes,3.6 - Decrease Risk,3.0 - No Changes,3.5 - Decrease Risk,3.8 - No Changes,4.0 - No Changes,3.5
North Korea,2025-05-09,3.7 - No Changes,2.3 - No Changes,4.4 - Decrease Risk,5.4 - No Changes,4.8 - Increase Risk,4.1 - No Changes,1.2 - No Changes,3.6
North Macedonia,2025-11-19,1.8 - Decrease Risk,1.7 - No Changes,2.4 - No Changes,1.8 - Decrease Risk,1.2 - Decrease Risk,2.2 - Decrease Risk,1.6 - No Changes,2.0
Norway,2025-11-06,1.2 - No Changes,1.2 - No Changes,1.3 - No Changes,0.8 - No Changes,1.4 - No Changes,1.1 - No Changes,1.2 - No Changes,1.1
Oman,2026-03-26,1.9 - No Changes,1.6 - No Changes,2.1 - No Changes,1.8 - Decrease Risk,2.2 - No Changes,2.0 - No Changes,1.5 - No Changes,1.8
Pakistan,2026-05-11,3.4 - No Changes,3.3 - Increase Risk,4.9 - Decrease Risk,2.4 - No Changes,3.0 - Increase Risk,3.0 - No Changes,3.7 - Increase Risk,3.3
Palau,2019-11-21,1.3 - No Changes,0.9 - No Changes,1.0 - No Changes,1.1 - No Changes,2.0 - Decrease Risk,2.2 - No Changes,0.6 - No Changes,1.4
Palestine,2025-02-05,4.2 - No Changes,4.1 - Increase Risk,6.2 - Decrease Risk,3.8 - No Changes,3.0 - No Changes,4.0 - Increase Risk,3.8 - Increase Risk,4.2
Panama,2026-02-10,2.0 - No Changes,1.8 - No Changes,1.5 - No Changes,1.9 - No Changes,2.2 - Increase Risk,3.0 - Increase Risk,1.5 - No Changes,2.1
Papua New Guinea,2025-09-30,2.9 - No Changes,3.0 - No Changes,3.3 - Decrease Risk,2.6 - No Changes,3.2 - Increase Risk,3.9 - No Changes,1.6 - No Changes,3.0
Paraguay,2026-03-27,2.1 - No Changes,1.8 - No Changes,2.1 - No Changes,1.9 - No Changes,2.2 - No Changes,2.8 - No Changes,1.6 - No Changes,2.2
Peru,2026-02-10,2.2 - Increase Risk,3.0 - Increase Risk,1.6 - No Changes,2.1 - No Changes,1.9 - Increase Risk,2.8 - Increase Risk,2.0 - No Changes,2.1
Philippines,2026-05-11,2.3 - No Changes,2.0 - No Changes,2.2 - Decrease Risk,2.2 - No Changes,2.0 - No Changes,2.7 - No Changes,2.6 - No Changes,2.2
Poland,2024-01-17,1.9 - No Changes,1.7 - Decrease Risk,1.9 - No Changes,1.9 - Decrease Risk,2.3 - Increase Risk,1.7 - No Changes,1.7 - No Changes,2.0
Portugal,2025-06-23,1.7 - No Changes,1.9 - Decrease Risk,2.0 - No Changes,1.6 - No Changes,1.8 - Decrease Risk,1.8 - No Changes,1.3 - No Changes,1.8
Qatar,2026-05-11,1.5 - No Changes,0.8 - No Changes,2.0 - No Changes,2.2 - No Changes,1.1 - No Changes,1.4 - Decrease Risk,1.5 - No Changes,1.4
Rep. Of the Congo,2023-07-19,2.8 - No Changes,2.0 - Increase Risk,2.9 - Decrease Risk,3.3 - No Changes,3.4 - No Changes,3.8 - No Changes,1.3 - No Changes,2.9
Reunion,2025-05-27,1.7 - No Changes,1.6 - No Changes,2.3 - No Changes,1.4 - Increase Risk,1.4 - Increase Risk,2.0 - No Changes,1.5 - No Changes,1.8
Romania,2026-01-26,2.3 - No Changes,2.3 - No Changes,2.7 - No Changes,2.2 - No Changes,2.6 - Increase Risk,2.3 - Increase Risk,1.7 - No Changes,2.4
Russia,2025-06-06,4.0 - Increase Risk,3.0 - Increase Risk,5.0 - Decrease Risk,5.5 - Increase Risk,3.9 - Increase Risk,4.2 - Increase Risk,2.2 - Increase Risk,3.9
Rwanda,2026-05-11,2.0 - Decrease Risk,1.8 - Decrease Risk,2.8 - Decrease Risk,1.9 - No Changes,2.1 - Decrease Risk,1.7 - No Changes,1.5 - No Changes,1.9
Saint Lucia,2026-03-24,1.5 - No Changes,1.5 - No Changes,2.0 - No Changes,1.4 - No Changes,1.6 - No Changes,1.8 - No Changes,0.7 - No Changes,1.7
Saint Vincent,2026-05-07,1.5 - No Changes,1.9 - No Changes,2.0 - No Changes,1.3 - No Changes,1.4 - No Changes,1.5 - No Changes,0.7 - No Changes,1.4
Samoa,2026-05-11,1.7 - No Changes,2.1 - No Changes,2.5 - Decrease Risk,1.3 - No Changes,1.9 - No Changes,1.6 - No Changes,0.5 - No Changes,1.6
San Marino,2026-05-11,1.2 - No Changes,1.3 - Decrease Risk,1.9 - Decrease Risk,1.0 - No Changes,1.2 - No Changes,1.2 - Increase Risk,0.4 - No Changes,1.1
Sao Tome & Principe,2025-03-04,2.3 - No Changes,2.1 - No Changes,3.1 - Decrease Risk,2.3 - No Changes,2.5 - Decrease Risk,2.7 - No Changes,1.1 - No Changes,2.4
Saudi Arabia,2026-03-02,1.6 - Decrease Risk,1.3 - No Changes,1.0 - No Changes,1.9 - Decrease Risk,1.7 - Decrease Risk,1.6 - Decrease Risk,2.3 - No Changes,1.5
Senegal,2026-05-12,2.2 - No Changes,1.8 - Increase Risk,2.7 - No Changes,2.1 - No Changes,2.8 - Increase Risk,2.3 - No Changes,1.4 - No Changes,2.1
Serbia,2026-05-11,2.4 - No Changes,2.3 - No Changes,2.3 - No Changes,2.5 - No Changes,2.1 - No Changes,2.6 - Increase Risk,2.3 - No Changes,2.3
Seychelles,2023-02-07,1.5 - No Changes,0.8 - No Changes,2.4 - Decrease Risk,1.3 - No Changes,1.6 - No Changes,1.9 - No Changes,0.9 - Decrease Risk,1.6
Sierra Leone,2025-09-26,2.8 - No Changes,2.4 - No Changes,3.9 - Decrease Risk,2.3 - No Changes,3.1 - No Changes,3.1 - No Changes,1.8 - Decrease Risk,2.9
Singapore,2026-05-11,0.8 - No Changes,0.7 - No Changes,1.1 - No Changes,0.3 - No Changes,1.3 - No Changes,0.6 - No Changes,0.5 - No Changes,0.7
Sint Maarten,2025-05-19,1.2 - No Changes,1.4 - No Changes,1.1 - No Changes,1.3 - No Changes,1.1 - No Changes,1.7 - No Changes,0.8 - No Changes,1.3
Slovakia,2026-05-11,1.7 - No Changes,1.7 - Increase Risk,2.0 - No Changes,1.7 - No Changes,1.8 - No Changes,1.5 - No Changes,1.2 - No Changes,1.6
Slovenia,2025-01-10,1.4 - No Changes,1.2 - No Changes,1.8 - No Changes,1.6 - No Changes,1.6 - No Changes,1.4 - No Changes,0.9 - No Changes,1.5
Solomon Islands,2023-11-06,2.2 - No Changes,2.4 - No Changes,2.4 - No Changes,1.8 - Increase Risk,2.5 - Decrease Risk,2.6 - No Changes,1.5 - No Changes,2.1
Somalia,2024-11-12,5.2 - No Changes,6.3 - Increase Risk,4.4 - Decrease Risk,5.5 - No Changes,5.4 - No Changes,5.2 - Increase Risk,4.6 - Increase Risk,5.3
South Africa,2025-06-20,2.7 - Decrease Risk,3.3 - No Changes,2.2 - Decrease Risk,2.1 - No Changes,2.7 - No Changes,3.5 - Decrease Risk,2.3 - Decrease Risk,2.8
South Korea,2026-03-18,1.5 - No Changes,1.5 - Increase Risk,1.3 - No Changes,0.9 - No Changes,1.8 - No Changes,1.9 - No Changes,1.6 - Increase Risk,1.4
South Sudan,2024-08-14,5.2 - Increase Risk,5.4 - Increase Risk,7.0 - Decrease Risk,5.3 - Increase Risk,5.0 - Increase Risk,5.1 - Increase Risk,3.5 - Increase Risk,5.1
Spain,2025-11-05,2.0 - No Changes,2.2 - No Changes,2.0 - Decrease Risk,1.7 - No Changes,2.2 - No Changes,2.1 - No Changes,1.8 - No Changes,1.9
Sri Lanka,2026-05-11,2.4 - Decrease Risk,2.1 - Decrease Risk,2.9 - Decrease Risk,2.1 - Decrease Risk,3.2 - No Changes,2.6 - Decrease Risk,1.5 - No Changes,2.3
St. Kitts and Nevis,2025-08-08,1.5 - No Changes,1.3 - No Changes,1.9 - No Changes,1.6 - No Changes,1.4 - Increase Risk,2.0 - No Changes,0.6 - No Changes,1.4
Sudan,2024-05-13,4.8 - Increase Risk,5.6 - Increase Risk,7.2 - Decrease Risk,3.8 - Increase Risk,3.7 - Increase Risk,4.7 - Increase Risk,4.0 - Increase Risk,4.7
Suriname,2025-10-15,2.5 - No Changes,2.3 - No Changes,2.6 - Decrease Risk,2.7 - No Changes,2.9 - Increase Risk,3.0 - Increase Risk,1.3 - No Changes,2.6
Sweden,2025-06-24,1.3 - No Changes,1.6 - Increase Risk,1.7 - No Changes,0.7 - No Changes,0.9 - No Changes,1.1 - No Changes,1.6 - No Changes,1.2
Switzerland,2026-05-11,1.3 - No Changes,1.2 - No Changes,1.0 - No Changes,1.2 - No Changes,1.5 - No Changes,1.2 - No Changes,1.4 - No Changes,1.2
Syria,2026-01-23,5.6 - No Changes,5.9 - Decrease Risk,5.7 - Decrease Risk,5.9 - No Changes,5.8 - Decrease Risk,5.2 - No Changes,4.9 - Increase Risk,5.7
Taiwan,2026-03-18,1.4 - No Changes,1.7 - Increase Risk,1.0 - No Changes,1.1 - No Changes,1.3 - No Changes,1.6 - No Changes,1.6 - Increase Risk,1.3
Tajikistan,2025-06-20,2.9 - No Changes,1.8 - No Changes,3.3 - Decrease Risk,3.5 - No Changes,3.4 - No Changes,3.4 - Decrease Risk,1.8 - No Changes,3.0
Tanzania,2024-02-15,2.5 - Decrease Risk,2.1 - Decrease Risk,2.8 - Decrease Risk,3.1 - Decrease Risk,2.4 - Decrease Risk,2.7 - Decrease Risk,2.0 - No Changes,2.6
Thailand,2025-06-03,2.1 - No Changes,2.3 - No Changes,1.6 - Decrease Risk,2.0 - No Changes,1.8 - No Changes,2.5 - No Changes,2.4 - No Changes,2.0
Timor-Leste,2026-02-10,1.8 - No Changes,2.2 - No Changes,1.9 - No Changes,1.8 - No Changes,1.8 - No Changes,2.3 - No Changes,1.0 - No Changes,1.9
Togo,2025-11-06,2.5 - Decrease Risk,2.1 - No Changes,3.0 - Decrease Risk,2.2 - No Changes,2.4 - Decrease Risk,3.1 - Decrease Risk,2.1 - No Changes,2.6
Tonga,2026-05-11,2.0 - No Changes,2.0 - No Changes,3.0 - Decrease Risk,1.5 - Decrease Risk,2.3 - No Changes,2.5 - No Changes,0.7 - No Changes,1.9
Trinidad and Tobago,2026-05-11,2.0 - No Changes,1.8 - No Changes,1.9 - No Changes,1.9 - No Changes,2.1 - No Changes,2.6 - No Changes,1.5 - No Changes,1.9
Tunisia,2024-10-08,2.7 - No Changes,2.6 - No Changes,3.6 - No Changes,2.4 - No Changes,2.6 - Increase Risk,2.7 - No Changes,2.0 - No Changes,2.9
Türkiye,2026-01-28,2.6 - No Changes,2.0 - No Changes,3.3 - Decrease Risk,2.9 - No Changes,2.7 - Decrease Risk,2.4 - No Changes,2.4 - No Changes,2.7
Turkmenistan,2026-05-01,2.7 - No Changes,2.0 - Increase Risk,2.9 - Decrease Risk,3.4 - Decrease Risk,3.0 - No Changes,3.5 - No Changes,1.4 - No Changes,2.8
Tuvalu,2023-08-02,1.6 - No Changes,1.7 - No Changes,2.2 - No Changes,1.0 - No Changes,2.3 - No Changes,2.1 - Decrease Risk,0.4 - No Changes,1.7
Uganda,2026-05-11,2.9 - No Changes,2.0 - No Changes,2.8 - Decrease Risk,2.8 - No Changes,3.7 - No Changes,3.5 - No Changes,2.3 - Decrease Risk,2.8
Ukraine,2025-07-07,3.4 - No Changes,3.0 - Increase Risk,4.6 - Decrease Risk,3.9 - No Changes,2.7 - Increase Risk,3.2 - Increase Risk,3.0 - No Changes,3.3
United Arab Emirates,2026-05-11,1.5 - No Changes,1.1 - No Changes,1.4 - No Changes,1.4 - No Changes,1.5 - No Changes,1.7 - No Changes,1.9 - No Changes,1.4
United Kingdom,2025-10-24,1.9 - No Changes,1.8 - No Changes,2.2 - No Changes,1.6 - No Changes,2.1 - No Changes,1.7 - No Changes,2.1 - No Changes,1.9
Uruguay,2024-11-26,1.3 - No Changes,1.2 - No Changes,1.8 - No Changes,1.2 - No Changes,1.5 - Increase Risk,1.6 - No Changes,0.7 - No Changes,1.4
USA,2025-10-06,1.8 - Increase Risk,1.6 - Increase Risk,1.3 - No Changes,1.8 - No Changes,1.9 - Increase Risk,1.8 - Increase Risk,2.4 - Increase Risk,1.7
Uzbekistan,2025-08-08,2.2 - Decrease Risk,1.6 - No Changes,2.5 - Decrease Risk,2.9 - No Changes,2.1 - Decrease Risk,2.5 - Decrease Risk,1.4 - No Changes,2.3
Vanuatu,2022-05-06,2.0 - No Changes,2.4 - No Changes,3.0 - No Changes,1.2 - No Changes,2.0 - Increase Risk,2.5 - No Changes,0.9 - No Changes,1.9
Venezuela,2026-02-10,4.4 - No Changes,4.3 - No Changes,5.2 - No Changes,4.6 - No Changes,3.7 - Decrease Risk,5.0 - No Changes,3.3 - Increase Risk,4.6
Vietnam,2025-08-08,2.0 - No Changes,1.4 - No Changes,2.2 - Decrease Risk,1.9 - No Changes,2.0 - No Changes,2.7 - No Changes,1.5 - Increase Risk,1.9
Yemen,2026-02-10,6.3 - No Changes,7.0 - No Changes,8.1 - Decrease Risk,6.1 - No Changes,5.6 - Increase Risk,5.7 - No Changes,5.1 - Increase Risk,6.2
Zambia,2026-05-11,2.5 - No Changes,2.2 - No Changes,3.6 - Decrease Risk,2.5 - No Changes,2.6 - No Changes,2.5 - No Changes,1.3 - No Changes,2.4
Zimbabwe,2024-08-13,3.8 - No Changes,3.5 - Increase Risk,5.1 - Decrease Risk,3.8 - No Changes,3.9 - No Changes,4.2 - Increase Risk,2.2 - Decrease Risk,4.0
