Property,Property ID,Country/Region, Equity Owner(s) (Ownership %), Percent Lower (%),Paid Copper (000 tonnes),Cumulative Paid Copper (000 tonnes), Labor (¢/lb), Energy (¢/lb), Reagents (¢/lb), Other Onsite (¢/lb), TCRC+Shipment (¢/lb), Royalty (¢/lb), Total Cash Cost (¢/lb)
Total and Weighted Average,,,,,0.0,0.0,46.01552841083165,47.936155649153896,17.57176655237626,50.48142320311798,28.93366365812688,19.95238059218124,51.8
Asientos,31282.0,Mexico,Minera Frisco S.A.B. de C.V. (99.99),0.0,2.4,2.4,12.63,9.66,2.15,6.95,7.54,12.88,51.8
Zhezkazgan Complex,27034.0,Kazakhstan,Cuprum Holding Ltd. (100.00),0.01,173.1,175.5,3.49,16.25,0.54,2.56,21.52,24.1,68.46
Metalkol RTR,29829.0,Dem. Rep. Congo,Eurasian Group LLP (100.00),0.9,103.6,279.1,2.56,23.27,10.24,1.61,8.24,29.57,75.49
Wenshan Dulong,30968.0,China,Yunnan Hualian Zinc and Indium Co. Ltd. (100.00),1.43,9.2,288.3,8.08,7.8,5.41,14.48,34.11,6.64,76.53
Tucuma,33521.0,Brazil,Ero Copper Corp. (99.60),1.48,32.4,320.7,6.48,13.22,2.81,18.03,31.35,5.6,77.48
Heiniudong,81508.0,China,Unnamed Owner (100.00),1.64,8.8,329.5,9.23,12.12,2.84,18.68,27.55,11.18,81.59
La Caridad SX-EW,75984.0,Mexico,Southern Copper Corp. (98.10),1.69,8.1,337.6,11.39,22.75,0.52,16.24,3.98,27.05,81.92
Central Region,28638.0,Kazakhstan,Cuprum Holding Ltd. (100.00),1.73,41.1,378.70000000000005,0.54,17.27,0.32,6.77,57.52,0.0,82.42
Miniere Musoshi Kinsenda,30678.0,Dem. Rep. Congo,"Jinchuan Group International Resources Co. Ltd. (77.00)
SODIMICO (23.00)",1.94,29.2,407.90000000000003,27.89,12.08,0.96,7.7,28.41,10.5,87.54
Kevitsa,29179.0,Finland,Boliden AB (publ) (100.00),2.09,22.6,430.50000000000006,11.69,16.87,9.18,16.93,37.6,0.0,92.27
Sanxin,33937.0,China,Zhongjin Gold Corp.Ltd. (51.00),2.2,12.1,442.6000000000001,16.05,17.69,2.65,20.99,18.91,18.54,94.83
Tonglvshan,80699.0,China,China Daye Non-Ferrous Metals Mining Ltd. (95.35),2.26,3.1,445.7000000000001,19.32,18.44,3.92,21.38,18.91,14.98,96.96
Aljustrel,26483.0,Portugal,I'M - SGPS SA (100.00),2.28,7.9,453.6000000000001,29.99,15.33,5.02,20.27,29.23,0.0,99.84
Garpenberg,29632.0,Sweden,Boliden AB (publ) (100.00),2.32,0.5,454.1000000000001,30.81,15.2,6.7,29.24,20.47,0.0,102.42
Zondereinde,27501.0,South Africa,Northam Platinum Holdings Ltd. (100.00),2.32,0.9,455.00000000000006,41.78,24.24,1.82,7.74,23.44,3.56,102.6
Karaganda Region,29432.0,Kazakhstan,Cuprum Holding Ltd. (100.00),2.33,36.9,491.90000000000003,0.2,29.04,0.26,10.58,63.65,0.0,103.73
Jinchuan,27136.0,China,JinChuan Group Co.Ltd. (100.00),2.52,92.3,584.2,65.7,9.56,1.34,16.77,10.51,6.85,110.72
Timok,33986.0,Serbia,Zijin Mining Group Co. Ltd. (100.00),2.99,166.9,751.1,5.6,11.52,1.31,26.86,42.93,23.02,111.25
Ashele,28228.0,China,"Zijin Mining Group Co. Ltd. (51.00)
Xinjiang NonFerrous Metal Industry (Group) Co.Ltd. (34.00)
People's Government of Gansu Province (15.00)",3.84,40.8,791.9,17.37,11.87,1.46,25.23,38.73,16.93,111.59
Gaisky Complex,28092.0,Russia,Ural Mining & Metallurgical Co. (100.00),4.05,94.2,886.1,24.84,11.52,3.49,19.23,28.97,24.97,113.02
Palabora,27868.0,South Africa,"HBIS Group Company Ltd. (35.00)
The Industrial Development Corporation of South Africa Ltd. (20.00)
Tewoo Group Co. Ltd. (20.00)
General Nice Development Ltd (20.00)
China-Africa Development Fund (5.00)",4.53,43.2,929.3000000000001,31.83,14.98,6.75,22.15,17.7,20.77,114.18
Kounrad Dump,38114.0,Kazakhstan,Central Asia Metals PLC (100.00),4.75,12.4,941.7,23.33,7.72,43.94,4.01,0.0,35.71,114.71
Buenavista SX-EW,75974.0,Mexico,"Southern Copper Corp. (98.30)
Mexico (1.70)",4.82,96.4,1038.1000000000001,36.69,29.55,1.01,20.75,3.15,24.32,115.46
Buribayevsky,33190.0,Russia,"Ural Mining & Metallurgical Co. (64.66)
People's Government of Gansu Province (35.34)",5.31,7.1,1045.2,31.72,10.71,2.75,14.32,31.3,25.34,116.14
Yulong,29743.0,China,"Western Mining Co.Ltd. (58.00)
Zijin Mining Group Co. Ltd. (22.00)
Tibet No 6 Geology Survey Team (10.00)
Changdu Capital Management And Operation Co. (8.00)
Xizang Mineral Development Co. LTD (2.00)",5.35,97.0,1142.2,16.34,19.8,5.16,23.0,36.59,16.74,117.64
Yinshan,27818.0,China,Jiangxi Copper Co. Ltd. (100.00),5.84,17.3,1159.5,24.15,21.92,4.81,27.86,23.9,15.94,118.58
Sunan Dongshanding,80830.0,China,Private Interest (100.00),5.93,4.6,1164.1,12.94,10.4,4.84,20.92,35.73,35.2,120.03
Liwu,38217.0,China,Sichuan Liwu Copper Mining Co. Ltd. (100.00),5.96,6.8,1170.8999999999999,11.6,9.87,3.58,34.65,33.92,27.39,121.01
Booysendal North,32552.0,South Africa,Northam Platinum Holdings Ltd. (100.00),5.99,0.3,1171.1999999999998,71.55,16.36,3.05,16.78,5.24,10.11,123.1
Rubtsovskoye,29195.0,Russia,"JSC ""Sibir-Polymetal"" (100.00)",5.99,15.1,1186.2999999999997,14.89,11.94,1.97,27.73,40.76,26.64,123.92
Antamina,27115.0,Peru,"Glencore PLC (33.75)
BHP Group Ltd. (33.75)
Teck Resources Ltd. (22.50)
Mitsubishi Corp. (10.00)",6.07,367.6,1553.8999999999996,3.19,30.14,15.19,41.67,27.93,9.49,127.6
Kalongwe,38132.0,Dem. Rep. Congo,"Chengtun Mining Group Co. Ltd. (85.00)
La Generale Industrielle et Commerciale au Congo SPRL (10.00)
Dem. Rep. Congo (5.00)",7.95,51.1,1604.9999999999995,11.35,17.42,3.04,31.66,24.41,39.74,127.63
Quellaveco,27805.0,Peru,"Anglo American PLC (60.00)
Mitsubishi Corp. (40.00)",8.21,321.0,1925.9999999999995,21.82,30.35,7.27,24.65,37.93,6.47,128.49
Dexing Complex,27385.0,China,Jiangxi Copper Co. Ltd. (100.00),9.85,182.9,2108.8999999999996,13.78,31.74,7.53,24.73,23.83,27.21,128.83
Mufulira,28269.0,Zambia,"International Resources Holding (51.00)
ZCCM Investments Holdings PLC (49.00)",10.79,25.8,2134.7,62.23,12.24,1.48,7.92,23.2,22.64,129.71
Lomas Bayas,28842.0,Chile,Glencore PLC (100.00),10.92,70.3,2205.0,61.97,30.43,7.4,21.09,3.63,5.96,130.47
Toquepala SX-EW,75985.0,Peru,Southern Copper Corp. (100.00),11.28,4.3,2209.3,61.93,43.17,1.49,11.22,5.37,9.13,132.32
Las Bambas,27804.0,Peru,"MMG Ltd. (62.50)
Compass Investment Co. Ltd (20.25)
Citic Ltd. (15.00)",11.3,368.6,2577.9,11.85,39.02,15.28,34.08,31.9,5.15,137.28
Aktogay SX-EW,79434.0,Kazakhstan,KAZ Minerals Limited (100.00),13.19,15.0,2592.9,28.26,49.05,16.31,18.09,0.0,28.99,140.7
Sichuan La-La,31591.0,China,China State-Owned Mining Enterprise (100.00),13.27,12.6,2605.5,12.14,28.18,5.31,29.52,29.49,36.46,141.09
Oyu Tolgoi,31528.0,Mongolia,"Rio Tinto Group (66.00)
Mongolia (34.00)",13.33,309.8,2915.3,11.87,31.38,3.88,50.64,22.52,20.94,141.23
Aripuana,29814.0,Brazil,"Nexa Resources SA (100.00)
Sumner Group Mining plc (100.00)",14.92,4.8,2920.1000000000004,46.48,15.03,9.02,39.09,18.17,14.11,141.9
Fenghuangshan,29286.0,China,Tongling Nonferrous Metals Group Co. Ltd. (100.00),14.94,1.0,2921.1000000000004,21.12,33.32,6.03,26.99,26.66,29.34,143.44
Norilsk,75972.0,Russia,PJSC Mining and Metallurgical Co. Norilsk Nickel (100.00),14.95,438.6,3359.7000000000003,37.03,7.46,2.05,35.29,33.17,28.8,143.8
Kisanfu,35320.0,Dem. Rep. Congo,"CMOC Group Ltd. (71.25)
Contemporary Amperex Technology Co. Ltd. (23.75)",17.19,175.0,3534.7000000000003,9.6,14.01,61.78,15.74,0.0,42.89,144.03
Yincan,80825.0,China,Private Interest (100.00),18.09,0.8,3535.5000000000005,26.11,21.76,7.24,37.42,25.92,28.97,147.42
Ministro Hales,28704.0,Chile,Codelco (100.00),18.09,129.6,3665.1000000000004,35.83,25.05,13.51,21.19,33.63,22.16,151.38
Tuwu-Yandong,31590.0,China,"Yunnan Copper Co.Ltd. (51.00)
Oriental Pearl Group Co.Ltd. (49.00)",18.75,15.2,3680.3,35.1,30.82,6.03,32.58,31.34,16.78,152.66
Mirador,31300.0,Ecuador,"Tongling Nonferrous Metals Group Co. Ltd. (70.00)
China Railway Construction Investment Group Co.Ltd. (30.00)",18.83,192.1,3872.4,9.41,21.39,13.62,31.58,52.21,25.08,153.28
Escondida SX-EW,75982.0,Chile,"BHP Group Ltd. (57.50)
Rio Tinto Group (30.00)
Mitsubishi Corp. (8.25)
JX Advanced Metals Corp. (3.00)
Mitsubishi Materials Corp. (1.25)",19.81,261.9,4134.3,19.72,50.06,13.97,25.54,8.21,36.43,153.93
Qilianshan,81212.0,China,Qinghai Qilianshan Copper Industry Co. Ltd. (100.00),21.15,1.1,4135.400000000001,20.52,22.07,4.53,41.67,38.53,27.04,154.37
Toquepala,26654.0,Peru,Southern Copper Corp. (100.00),21.16,273.1,4408.500000000001,21.33,47.86,11.13,29.25,31.37,14.5,155.44
Kainantu,31239.0,Papua New Guinea,K92 Mining Inc. (100.00),22.56,2.3,4410.800000000001,43.41,20.5,6.33,66.36,8.93,10.56,156.09
Wushan,27817.0,China,Jiangxi Copper Co. Ltd. (100.00),22.57,11.8,4422.600000000001,43.55,31.92,3.65,30.38,25.93,20.67,156.11
Songjiang,36775.0,China,Private Interest (100.00),22.63,1.3,4423.9000000000015,38.56,29.66,5.61,29.28,22.29,33.8,159.2
Deerni,30531.0,China,Zijin Mining Group Co. Ltd. (100.00),22.63,5.5,4429.4000000000015,49.74,23.61,2.33,33.19,30.9,20.08,159.86
Kidd Creek,27145.0,Canada,Glencore PLC (100.00),22.66,19.4,4448.800000000001,76.34,12.87,3.97,19.3,25.63,23.13,161.23
Jinshen,81270.0,China,Anhui Chizhou Jinsen Mining Co. Ltd. (100.00),22.76,1.8,4450.600000000001,35.24,38.3,3.15,39.76,24.79,20.23,161.47
Grasberg,26568.0,Indonesia,"PT Mineral Industri Indonesia (Persero) (51.24)
Freeport-McMoRan Inc. (48.76)",22.77,785.5,5236.100000000001,32.51,14.76,5.91,51.41,25.96,31.85,162.4
Jinxing,67702.0,China,,26.79,0.8,5236.9000000000015,41.52,8.85,1.0,92.35,1.98,17.16,162.87
Kalatongke,34844.0,China,Xinjiang Xinxin Mining Industry Co. Ltd. (100.00),26.79,2.6,5239.500000000002,49.37,20.43,5.42,49.66,27.21,11.32,163.41
Kansanshi SX-EW,75983.0,Zambia,"First Quantum Minerals Ltd. (80.00)
ZCCM Investments Holdings PLC (20.00)",26.81,25.0,5264.500000000002,35.83,9.14,30.58,34.33,1.13,52.48,163.5
Mogalakwena,27377.0,South Africa,Valterra Platinum Ltd. (100.00),26.93,11.1,5275.600000000002,47.96,34.89,10.44,34.2,33.98,2.24,163.72
Cuajone,26653.0,Peru,Southern Copper Corp. (100.00),26.99,155.9,5431.500000000002,33.08,38.98,17.2,30.71,32.76,12.31,165.04
Yinlu,81261.0,China,Private Interest (100.00),27.79,0.5,5432.000000000002,34.94,25.75,6.25,43.68,36.71,19.82,167.16
Chelopech,28244.0,Bulgaria,DPM Metals Inc. (100.00),27.79,25.4,5457.4000000000015,41.08,10.05,3.31,15.42,86.29,12.37,168.52
Dajingzi,81250.0,China,"Chifeng Dajingzi Mining Co., Ltd. (100.00)",27.92,2.6,5460.000000000002,45.47,21.27,4.54,39.36,26.49,31.72,168.85
Escondida,26490.0,Chile,"BHP Group Ltd. (57.50)
Rio Tinto Group (30.00)
Mitsubishi Corp. (8.25)
JX Advanced Metals Corp. (3.00)
Mitsubishi Materials Corp. (1.25)",27.94,1090.5,6550.500000000002,55.56,47.4,9.79,14.15,26.45,15.68,169.03
Deziwa,36928.0,Dem. Rep. Congo,"China Nonferrous Mining Corp. Ltd. (51.00)
Gécamines SA (49.00)",33.51,80.0,6630.500000000002,36.81,27.17,52.83,26.96,15.31,10.5,169.59
Radomiro Tomic,27523.0,Chile,Codelco (100.00),33.92,168.9,6799.4000000000015,67.52,46.94,0.48,27.11,6.8,21.82,170.66
Lumwana,28868.0,Zambia,Barrick Mining Corp. (100.00),34.79,144.8,6944.200000000002,46.67,31.93,12.37,25.46,29.15,25.59,171.17
Hunchun,33149.0,China,Zijin Mining Group Co. Ltd. (100.00),35.53,7.5,6951.700000000002,27.39,36.66,9.92,47.88,20.46,29.02,171.33
Dongshengmiao,80256.0,China,Wancheng Commercial Dongshengmiao Co. Ltd. (100.00),35.57,10.5,6962.200000000002,9.29,41.08,9.46,46.83,51.99,13.86,172.52
Centinela Oxide,27981.0,Chile,"Antofagasta PLC (70.00)
Marubeni Corp. (30.00)",35.62,89.1,7051.300000000002,55.47,55.45,11.97,38.17,6.16,5.38,172.6
Salobo,25761.0,Brazil,Vale SA (100.00),36.08,207.1,7258.400000000002,11.53,40.64,6.36,85.65,21.11,7.67,172.96
Kazzinc Consolidated,29980.0,Kazakhstan,Kazzinc Ltd. (100.00),37.14,19.6,7278.000000000003,17.93,35.47,33.1,40.39,22.8,24.24,173.93
Toromocho,28680.0,Peru,Aluminum Corp. of China Ltd. (100.00),37.24,199.4,7477.400000000002,37.81,29.61,15.43,41.52,42.24,8.28,174.89
Luojiahe,80813.0,China,Wuqu County Wulong Industrial Co. Ltd. (100.00),38.26,1.3,7478.700000000003,91.59,26.04,3.48,48.02,6.88,0.0,176.0
Chengmenshan,33372.0,China,Jiangxi Copper Co. Ltd. (100.00),38.26,11.2,7489.900000000002,22.61,29.14,9.66,53.41,27.3,34.28,176.41
Suolagou,80824.0,China,Private Interest (100.00),38.32,0.3,7490.200000000003,53.96,16.57,21.13,32.58,24.46,28.11,176.81
Kolwezi,78612.0,Dem. Rep. Congo,"Zijin Mining Group Co. Ltd. (67.00)
Gécamines SA (33.00)",38.32,106.7,7596.900000000002,16.43,44.86,5.64,66.12,29.92,14.71,177.68
Zangezur,29283.0,Armenia,Zangezur Copper Molybdenum Combine CJSC (100.00),38.87,109.3,7706.200000000003,29.43,28.65,8.19,27.49,30.32,53.74,177.83
Duobaoshan,33791.0,China,Zijin Mining Group Co. Ltd. (100.00),39.43,99.1,7805.300000000003,13.99,48.8,6.78,63.34,36.03,9.33,178.26
Yuanzhuding Mountain,35786.0,China,Unnamed Owner (100.00),39.93,9.7,7815.000000000003,28.82,40.84,12.42,42.72,38.95,16.05,179.8
El Brocal,26711.0,Peru,Compañía de Minas Buenaventura SAA (61.43),39.98,52.5,7867.500000000003,51.15,30.25,6.45,59.18,31.58,1.54,180.14
Buenavista,26672.0,Mexico,"Southern Copper Corp. (98.30)
Mexico (1.70)",40.25,294.3,8161.800000000003,11.18,63.64,21.94,28.54,36.14,19.28,180.72
Shitouzui,61040.0,China,Private Interest (100.00),41.76,4.1,8165.900000000003,40.41,41.17,9.6,35.99,24.07,30.09,181.34
Nuoergai,81249.0,China,Bahrain Right Banner Norga Copper Mine Co. Ltd. (100.00),41.78,1.9,8167.800000000003,44.05,33.41,11.3,26.91,34.28,32.75,182.69
Los Pelambres,27131.0,Chile,"Antofagasta PLC (60.00)
JX Advanced Metals Corp. (12.52)
Marubeni Corp. (12.48)
Mitsubishi Materials Corp. (10.00)
Mitsubishi Corp. (5.00)",41.79,360.4,8528.200000000003,47.85,43.57,29.61,17.22,37.23,9.0,184.48
Zhibula,81511.0,China,"Zijin Mining Group Co. Ltd. (50.10)
Private Interest (25.00)
Zangge Mining Company Ltd. (24.90)",43.63,11.6,8539.800000000003,38.17,35.19,9.09,44.62,41.13,16.57,184.77
Tshukudu,38696.0,Botswana,Sandfire Resources Ltd. (100.00),43.69,50.2,8590.000000000004,38.07,61.69,5.62,29.68,33.57,16.78,185.41
Xiliduo,81271.0,China,"Chengde Shuoda Mining Co., Ltd. (100.00)",43.95,0.3,8590.300000000003,49.02,32.65,7.31,49.82,23.89,23.78,186.47
Tongkuangyu,62900.0,China,China State-Owned Mining Enterprise (100.00),43.95,51.1,8641.400000000003,30.59,43.88,6.62,44.94,28.86,31.71,186.59
Santa Rita,33832.0,Brazil,Appian Capital Advisory LLP (100.00),44.21,5.0,8646.400000000003,22.56,42.65,18.23,70.36,7.08,25.73,186.62
Tizapa,27632.0,Mexico,"Industrias Peñoles SAB de CV (51.00)
Dowa Holdings Co. Ltd. (39.00)
Sumitomo Corp. (10.00)",44.24,1.1,8647.500000000004,66.48,40.52,9.27,43.39,10.03,17.59,187.28
Amawusu,81246.0,China,Siziwangqi Amawusu Mining Co. Ltd.Siziwangqi Amawusu Mining Co. Ltd. (100.00),44.24,1.3,8648.800000000003,41.08,17.85,5.73,51.69,27.07,44.63,188.05
Chibuluma South,31323.0,Zambia,,44.25,1.8,8650.600000000002,42.5,22.91,3.66,69.34,24.81,25.2,188.42
Chambishi,28268.0,Zambia,"China Nonferrous Mining Corp. Ltd. (85.00)
ZCCM Investments Holdings PLC (15.00)",44.26,73.9,8724.500000000002,56.49,15.66,3.37,53.33,27.42,32.4,188.67
Chapada,29357.0,Brazil,Lundin Mining Corp. (100.00),44.64,42.4,8766.900000000001,45.86,44.66,25.65,33.28,32.65,6.69,188.79
Phu Kham,33208.0,Laos,"PanAust Ltd. (90.00)
Laos (10.00)",44.85,47.7,8814.600000000002,25.72,45.42,8.75,40.09,48.57,21.43,189.98
Nkana,28270.0,Zambia,"International Resources Holding (51.00)
ZCCM Investments Holdings PLC (49.00)",45.1,46.1,8860.700000000003,108.59,17.95,1.82,6.69,32.32,22.64,190.0
Langyashan,38210.0,China,Zhangzhou Tongxin Mining Co. Ltd. (100.00),45.33,2.1,8862.800000000003,54.43,37.71,3.95,41.98,26.18,25.93,190.19
Atlas Toledo,26908.0,Philippines,Atlas Consolidated Mining & Development Corp. (100.00),45.34,52.1,8914.900000000003,21.01,74.58,20.44,54.98,2.98,16.65,190.64
Centinela Sulfide,30972.0,Chile,"Antofagasta PLC (70.00)
Marubeni Corp. (30.00)",45.61,153.1,9068.000000000004,43.84,53.66,33.78,22.86,31.01,5.48,190.64
Bozshakol,29312.0,Kazakhstan,KAZ Minerals Limited (100.00),46.4,95.1,9163.100000000004,14.81,36.34,47.31,28.68,35.74,29.21,192.09
Fuyuan,81248.0,China,Inner Mongolia Chifeng Fuyuan Mining Co. Ltd. (100.00),46.88,1.0,9164.100000000004,52.31,19.88,4.34,30.62,29.43,55.76,192.35
Weilasituo,35851.0,China,"Inner Mongolia Weila Situo Mining Industry Co., Ltd. (100.00)",46.89,1.0,9165.100000000004,51.72,26.76,5.79,38.95,24.5,44.91,192.63
Xinqiao,61038.0,China,Tongling Chemical Industry Group Co.Ltd. (100.00),46.89,3.8,9168.900000000003,51.4,52.62,7.78,53.83,18.9,8.37,192.9
Dapingzhang,35291.0,China,"Yuxi Resources Corp. (50.00)
Grand Long Enterprises Ltd. (40.00)
Yunnan Dingtai Investment Co., Ltd. (10.00)",46.91,10.1,9179.000000000004,39.31,27.49,14.1,41.29,31.56,40.31,194.06
Suolajier,81647.0,China,Private Interest (100.00),46.96,2.7,9181.700000000004,27.07,28.59,13.98,58.5,30.85,35.19,194.17
Tulaergen,80826.0,China,China State-Owned Mining Enterprise (100.00),46.98,1.3,9183.000000000004,52.9,36.7,11.77,46.47,35.84,10.59,194.28
Huogeqi,30656.0,China,Western Mining Co.Ltd. (100.00),46.98,12.0,9195.000000000004,56.29,15.72,6.15,47.83,34.04,34.68,194.7
Andina Division,27525.0,Chile,Codelco (100.00),47.05,165.4,9360.400000000003,37.73,72.3,23.67,25.16,19.48,17.33,195.67
Collahuasi,27283.0,Chile,"Glencore PLC (44.00)
Anglo American PLC (44.00)
Mitsui & Co. Ltd. (11.03)
Mitsui Kinzoku Company Ltd. (0.97)",47.89,447.1,9807.500000000004,41.75,45.68,27.6,19.18,30.39,31.21,195.81
Qulong,34296.0,China,"Zijin Mining Group Co. Ltd. (58.16)
Private Interest (25.00)
Zangge Mining Company Ltd. (16.84)",50.18,164.9,9972.400000000003,22.86,77.73,7.82,51.13,20.67,16.81,197.01
Ok Tedi,25715.0,Papua New Guinea,Ok Tedi Mining Ltd. (100.00),51.02,97.1,10069.500000000004,22.3,25.03,9.56,117.88,14.81,8.36,197.94
Antas,35780.0,Brazil,BHP Group Ltd. (100.00),51.52,16.7,10086.200000000004,45.58,36.02,6.09,38.04,37.89,34.77,198.39
Kamoa-Kakula,38134.0,Dem. Rep. Congo,"Ivanhoe Mines Ltd. (39.60)
Zijin Mining Group Co. Ltd. (39.60)
Dem. Rep. Congo (20.00)
Crystal River Global Limited (0.80)",51.61,394.7,10480.900000000005,45.78,19.42,11.3,42.91,52.05,28.6,200.06
Jabal Sayid,25698.0,Saudi Arabia,"Barrick Mining Corp. (50.00)
Saudi Arabian Mining Company (Maaden) (50.00)",53.62,62.1,10543.000000000005,56.85,41.93,18.94,56.48,26.29,0.0,200.5
Huayu,80388.0,China,Tibet Huayu Mining Co. Ltd. (100.00),53.94,0.1,10543.100000000006,44.81,42.63,4.5,32.76,60.64,16.2,201.54
Mantoverde,28256.0,Chile,"Capstone Copper Corp. (69.99)
Mitsubishi Materials Corp. (30.00)",53.94,68.6,10611.700000000006,60.11,63.67,16.31,13.38,7.92,40.27,201.66
Robinson,27653.0,USA,KGHM Polska Miedz SA (100.00),54.29,43.8,10655.500000000005,32.17,24.93,19.22,68.4,45.49,11.69,201.91
Carlota,28022.0,USA,KGHM Polska Miedz SA (100.00),54.52,4.0,10659.500000000005,47.97,41.63,36.05,62.19,1.71,12.6,202.15
Franke,35428.0,Chile,Grupo Minero Las Cenizas SA (100.00),54.54,13.2,10672.700000000006,87.02,46.89,33.37,29.81,4.16,0.99,202.24
Kansanshi,26668.0,Zambia,"First Quantum Minerals Ltd. (80.00)
ZCCM Investments Holdings PLC (20.00)",54.61,150.4,10823.100000000006,9.45,31.06,10.67,63.08,36.45,52.34,203.04
Ruashi,29830.0,Dem. Rep. Congo,"Jinchuan Group International Resources Co. Ltd. (70.00)
Gécamines SA (25.00)
Dem. Rep. Congo (5.00)",55.37,26.6,10849.700000000006,42.86,37.64,53.11,20.4,20.99,28.05,203.05
Aranzazu,30526.0,Mexico,Aura Minerals Inc. (100.00),55.51,14.4,10864.100000000006,75.04,25.22,6.42,30.21,51.5,14.98,203.36
Wutonghua,80807.0,China,Wengniute Banner Wutonghua Copper Mine Houshan Mining (100.00),55.58,0.4,10864.500000000005,36.33,39.34,12.4,74.28,23.28,18.15,203.79
Bulyanhulu,27160.0,Tanzania,"Barrick Mining Corp. (84.00)
Tanzania (16.00)",55.59,2.3,10866.800000000005,44.51,71.88,2.72,35.52,26.08,23.89,204.6
Huachin,76077.0,Dem. Rep. Congo,"China Nonferrous Mining Corp. Ltd. (67.50)
Huachin SPRL (32.50)",55.6,22.1,10888.900000000005,55.7,70.54,34.46,26.49,7.95,10.5,205.64
LaRonde,25790.0,Canada,Agnico Eagle Mines Ltd. (100.00),55.71,2.5,10891.400000000005,88.14,12.84,7.13,63.05,13.79,20.79,205.75
Continental,24673.0,USA,Montana Resources LLP (100.00),55.72,46.5,10937.900000000005,26.3,49.72,14.68,65.61,23.59,25.97,205.87
Ernest Henry,28428.0,Australia,Evolution Mining Ltd. (100.00),55.96,50.4,10988.300000000005,75.5,32.43,6.6,51.8,21.9,17.7,205.93
Booysendal South,38707.0,South Africa,Northam Platinum Holdings Ltd. (100.00),56.22,0.5,10988.800000000005,81.28,17.1,2.72,88.29,7.03,9.67,206.1
Wunugetushan,29742.0,China,"Zhongjin Gold Corp.Ltd. (90.00)
China National Gold Group Co. Ltd. (10.00)",56.22,65.7,11054.500000000005,13.16,41.21,11.09,77.85,32.62,30.69,206.63
Ray SX-EW,76081.0,USA,Grupo México SAB de CV (100.00),56.56,8.1,11062.600000000006,75.07,17.57,19.97,89.58,4.67,0.0,206.86
Yangla,33964.0,China,"Yunnan Copper Co.Ltd. (75.00)
云南楚雄矿冶有限公司 (16.67)
iqing Development and Investment Co. Ltd. (8.33)",56.6,10.9,11073.500000000005,30.07,48.71,7.64,47.8,31.24,41.68,207.15
East Region Operations,30277.0,Kazakhstan,KAZ Minerals Limited (100.00),56.66,39.0,11112.500000000005,76.87,35.34,5.54,30.81,48.48,10.42,207.46
El Teniente,26696.0,Chile,Codelco (100.00),56.86,328.8,11441.300000000005,96.86,19.76,9.93,40.48,29.54,11.99,208.56
Lalor Lake,35586.0,Canada,Hudbay Minerals Inc. (100.00),58.54,15.1,11456.400000000005,58.36,71.63,10.35,39.39,22.12,6.81,208.66
Uchaly,28090.0,Russia,Ural Mining & Metallurgical Co. (100.00),58.62,49.3,11505.700000000004,39.04,45.07,9.45,61.35,28.16,25.68,208.76
Chuquicamata SX-EW,75977.0,Chile,,58.87,29.2,11534.900000000005,103.98,56.22,18.21,23.48,3.4,4.2,209.49
Trident - Sentinel,36127.0,Zambia,First Quantum Minerals Ltd. (100.00),59.02,215.9,11750.800000000005,17.56,35.2,14.26,78.27,37.0,27.41,209.71
Cozamin,32931.0,Mexico,Capstone Copper Corp. (100.00),60.12,22.9,11773.700000000004,78.35,30.18,5.67,45.71,34.77,15.07,209.75
Luodong,80822.0,China,Huili County Luodong Copper Industry Co. Ltd. (100.00),60.24,1.4,11775.100000000004,31.28,40.06,5.87,52.73,34.81,45.43,210.18
Lindero,32363.0,Argentina,Fortuna Mining Corp. (100.00),60.25,0.7,11775.800000000005,59.92,27.91,43.87,22.44,32.89,23.29,210.33
Shilong,81649.0,China,Private Interest (100.00),60.25,0.8,11776.600000000004,36.09,55.63,8.19,66.13,20.36,26.41,212.81
Mabende,76078.0,Dem. Rep. Congo,"China Nonferrous Mining Corp. Ltd. (42.00)
Huachin SARL (35.00)",60.25,32.0,11808.600000000004,60.26,69.33,48.74,19.38,4.84,10.5,213.05
Northparkes,27165.0,Australia,"Evolution Mining Ltd. (80.00)
Sumitomo Metal Mining Co. Ltd. (13.30)
Sumitomo Corp. (6.70)",60.42,34.3,11842.900000000003,48.76,32.77,19.6,66.6,29.94,15.48,213.16
Mutanda SX-EW,76076.0,Dem. Rep. Congo,Glencore PLC (100.00),60.59,33.8,11876.700000000003,52.85,35.55,9.16,45.52,18.77,51.56,213.41
Changhong,81644.0,China,Private Interest (100.00),60.77,0.5,11877.200000000003,69.44,34.21,6.44,28.85,28.26,47.06,214.26
Boliden Area,27166.0,Sweden,Boliden AB (publ) (100.00),60.77,3.9,11881.100000000002,69.34,22.95,8.66,76.29,37.12,0.0,214.34
Antapaccay,36915.0,Peru,Glencore PLC (100.00),60.79,138.6,12019.700000000003,22.99,81.39,11.44,61.11,33.26,4.5,214.67
Bisha,32625.0,Eritrea,"Zijin Mining Group Co. Ltd. (55.00)
Eritrean National Mining Corp. (45.00)",61.5,23.2,12042.900000000003,52.05,35.43,9.01,29.92,68.52,19.96,214.89
Spence SX-EW,79640.0,Chile,BHP Group Ltd. (100.00),61.62,10.0,12052.900000000003,87.25,62.89,21.59,34.61,8.74,0.0,215.08
Spence,30025.0,Chile,BHP Group Ltd. (100.00),61.67,154.9,12207.800000000003,62.54,69.59,19.77,27.7,31.51,3.97,215.09
Munali,27453.0,Zambia,"Consolidated Mining and Investments Ltd (68.00)
Jinchuan Group International Resources Co. Ltd. (32.00)",62.46,0.7,12208.500000000004,25.45,58.96,7.97,79.15,17.09,26.67,215.27
Zinkgruvan,27384.0,Sweden,Boliden AB (publ) (100.00),62.46,1.4,12209.900000000003,72.4,54.28,9.14,44.02,35.51,0.0,215.35
Didipio,28530.0,Philippines,"OceanaGold Corp. (80.00)
Private Interest (20.00)",62.47,13.8,12223.700000000003,19.27,38.51,19.44,88.27,39.77,10.62,215.88
La Caridad,27342.0,Mexico,Southern Copper Corp. (98.10),62.54,84.2,12307.900000000003,42.36,46.48,23.63,45.96,41.31,16.32,216.05
Musonoi,37355.0,Dem. Rep. Congo,"Jinchuan Group International Resources Co. Ltd. (70.00)
Gécamines SA (25.00)
Dem. Rep. Congo (5.00)",62.97,30.0,12337.900000000003,51.17,25.91,1.5,50.29,43.04,46.03,217.95
Goldex,26006.0,Canada,Agnico Eagle Mines Ltd. (100.00),63.13,1.7,12339.600000000004,91.8,12.07,4.45,52.5,39.95,17.58,218.35
Union Section,31296.0,South Africa,"Siyanda Resources (Pty) Ltd. (85.00)
Bakgatla Ba Kgafela (15.00)",63.13,0.2,12339.800000000005,159.92,27.25,3.56,26.79,0.26,0.77,218.55
Frontier,32917.0,Dem. Rep. Congo,"Eurasian Resources Group SARL (95.00)
Dem. Rep. Congo (5.00)",63.14,48.7,12388.500000000005,14.06,82.96,43.89,23.51,41.92,13.86,220.21
Doe Run Mines,25493.0,USA,The Doe Run Resources Corp. (100.00),63.38,4.4,12392.900000000005,63.68,15.58,9.54,89.82,30.63,11.46,220.7
Yauliyacu,27728.0,Peru,"Alpayana S.A.C. (97.60)
Private Interest (2.40)",63.41,1.1,12394.000000000005,165.21,15.52,2.54,18.44,14.57,4.8,221.07
Tayahua,29924.0,Mexico,"Minera Frisco S.A.B. de C.V. (90.20)
Minera Tayahua, S.A. De C.V. (9.80)",63.41,19.5,12413.500000000005,43.73,37.08,5.11,79.37,28.6,27.59,221.49
Sierra Gorda,28650.0,Chile,"KGHM International Ltd. (55.00)
South32 Ltd. (45.00)",63.51,162.7,12576.200000000006,52.69,48.78,21.01,45.04,40.37,14.79,222.69
Jiama,32856.0,China,China Gold International Resources Corp. Ltd. (100.00),64.34,61.9,12638.100000000006,26.71,52.71,5.78,105.97,15.94,15.68,222.79
Aktogay,28811.0,Kazakhstan,KAZ Minerals Limited (100.00),64.66,216.1,12854.200000000006,13.14,33.69,50.62,30.52,66.27,28.72,222.97
Pulang,35707.0,China,"Yunnan Copper Co.Ltd. (70.00)
Yunnan Gold&Mineral Group Co. Ltd. (20.00)
iqing Development and Investment Co. Ltd. (8.33)",65.77,38.8,12893.000000000005,28.08,81.02,8.19,54.16,35.25,16.61,223.3
Silver Bell,24880.0,USA,Grupo México SAB de CV (100.00),65.96,20.0,12913.000000000005,55.09,39.41,27.31,88.35,2.72,10.5,223.37
Tenke Fungurume,28371.0,Dem. Rep. Congo,"CMOC Group Ltd. (80.00)
Gécamines SA (20.00)",66.07,485.0,13398.000000000005,8.92,74.66,31.53,87.0,0.0,22.11,224.24
Boddington,25613.0,Australia,Newmont Corp. (100.00),68.55,32.9,13430.900000000005,54.5,39.38,10.01,97.64,10.89,12.21,224.61
El Teniente SX-EW,75978.0,Chile,,68.72,2.0,13432.900000000005,156.98,16.38,12.76,19.13,3.27,16.17,224.69
IMMSA,29434.0,Mexico,Southern Copper Corp. (100.00),68.73,2.6,13435.500000000005,84.52,43.97,14.35,49.43,16.77,16.39,225.43
Bystrinskoye,33413.0,Russia,"PJSC Mining and Metallurgical Co. Norilsk Nickel (50.01)
CIS Natural Resources Fund (36.66)
Highland Fund (13.33)",68.74,64.3,13499.800000000005,26.79,21.03,15.77,77.3,45.97,39.29,226.15
Dongguashan,29285.0,China,Tongling Nonferrous Metals Group Co. Ltd. (100.00),69.07,30.5,13530.300000000005,47.71,39.34,7.57,50.87,26.22,54.88,226.59
Etoile,36399.0,Dem. Rep. Congo,"Shalina Resources Ltd. (95.00)
Dem. Rep. Congo (5.00)",69.23,25.0,13555.300000000005,34.53,70.57,31.3,67.62,2.47,21.06,227.56
Baiyin Changtong,28734.0,China,,69.35,1.0,13556.300000000005,38.16,38.28,14.07,56.7,24.13,56.49,227.82
Cerro Corona,28818.0,Peru,"Gold Fields Ltd. (99.53)
Private Interest (0.47)",69.36,20.7,13577.000000000005,75.09,36.67,18.25,65.72,26.41,7.53,229.68
Mt Isa Copper,27243.0,Australia,Glencore PLC (100.00),69.46,43.6,13620.600000000006,102.38,37.4,5.02,40.34,26.81,17.76,229.7
Mount Milligan,26984.0,Canada,Centerra Gold Inc. (100.00),69.69,20.7,13641.300000000007,62.12,54.52,20.57,68.36,22.2,2.21,229.99
Khoemacau,36026.0,Botswana,"MMG Ltd. (55.00)
Compass Investment Co. Ltd (40.50)",69.79,42.6,13683.900000000007,43.84,114.11,6.44,31.19,21.71,12.83,230.12
Longwan,80396.0,China,"Guangxi Luxi Longwan Mining Co., Ltd. (100.00)",70.01,0.1,13684.000000000007,77.47,71.9,3.09,40.04,27.08,11.03,230.61
Xinzhuang,40771.0,China,Wanguo Gold Group Ltd. (100.00),70.01,4.6,13688.600000000008,18.93,49.93,9.61,96.7,25.93,29.89,230.99
Mantos Blancos,27616.0,Chile,Capstone Copper Corp. (100.00),70.03,48.1,13736.700000000008,73.99,69.92,12.19,23.33,48.93,2.84,231.21
Punitaqui,26968.0,Chile,Battery Mineral Resources Corp. (100.00),70.28,11.7,13748.400000000009,78.92,64.53,17.03,40.21,30.78,0.0,231.46
Bashkir,30486.0,Russia,Ural Mining & Metallurgical Co. (79.78),70.34,28.4,13776.800000000008,73.96,19.94,4.58,69.74,37.82,25.48,231.52
Wetar,27065.0,Indonesia,"PT Merdeka Copper Gold Tbk (99.99)
Posco International Corp. (0.01)",70.49,11.0,13787.800000000008,98.29,87.94,1.43,35.51,0.0,8.4,231.57
Constancia,33414.0,Peru,Hudbay Minerals Inc. (100.00),70.54,87.1,13874.900000000009,49.7,72.19,16.93,44.86,43.25,5.26,232.18
Candelaria,27244.0,Chile,"Lundin Mining Corp. (80.00)
Sumitomo Metal Mining Co. Ltd. (16.00)
Sumitomo Corp. (4.00)",70.99,144.0,14018.900000000009,49.67,66.73,30.59,43.52,23.89,18.49,232.89
Myra Falls,25831.0,Canada,Trafigura Group Pte. Ltd. (100.00),71.72,2.2,14021.10000000001,135.95,10.61,3.61,55.45,25.42,2.89,233.93
Tanyaokou,29749.0,China,"Qingdao Qihua Investment Holding Co., Ltd. (100.00)",71.74,0.7,14021.80000000001,72.36,25.33,12.94,63.61,35.24,24.78,234.26
Huzhan,80804.0,China,"Shuyang County Qianpu Mining Co., Ltd. (100.00)",71.74,0.2,14022.000000000011,50.7,46.47,8.21,69.74,23.71,35.44,234.27
Highland Valley,26575.0,Canada,Teck Resources Ltd. (100.00),71.74,127.0,14149.000000000011,70.68,34.4,16.32,79.55,30.68,3.09,234.73
Daluowan,81201.0,China,Private Interest (100.00),72.39,0.3,14149.30000000001,35.97,50.91,22.61,62.83,22.48,40.16,234.96
Cerro de Maimon,25700.0,Dominican Republic,Shenzhen Zhongjin Lingnan Nonfemet Co. Ltd. (100.00),72.39,8.4,14157.70000000001,79.24,76.91,0.38,48.68,21.85,8.8,235.86
Sunan,38224.0,China,Private Interest (100.00),72.43,1.0,14158.70000000001,69.29,44.21,10.5,42.98,35.32,34.1,236.4
Yauli,26574.0,Peru,Volcan Compañía Minera SAA (100.00),72.44,2.1,14160.80000000001,98.82,34.89,18.59,52.02,27.72,4.61,236.65
Eagle,33795.0,USA,Lundin Mining Corp. (100.00),72.45,8.7,14169.500000000011,53.82,60.91,8.61,56.09,39.11,18.42,236.97
Rosebery,27542.0,Australia,MMG Ltd. (100.00),72.49,1.1,14170.600000000011,135.15,8.63,6.55,68.37,12.46,5.85,237.01
Gabriela Mistral,30555.0,Chile,Codelco (100.00),72.5,77.6,14248.200000000012,102.22,61.33,7.96,45.19,9.18,11.52,237.4
Cosala,30268.0,Mexico,Americas Gold and Silver Corp. (100.00),72.9,2.5,14250.700000000012,68.96,51.62,4.0,56.56,21.77,34.93,237.84
Tangtang,81642.0,China,China State-Owned Mining Enterprise (100.00),72.91,0.9,14251.600000000011,54.78,42.04,10.47,51.89,29.4,49.47,238.04
Nevada Operations,27560.0,USA,"Barrick Mining Corp. (61.50)
Newmont Corp. (38.50)",72.91,9.4,14261.000000000011,69.19,50.35,4.56,92.05,14.13,8.29,238.57
Carmen de Andacollo,27530.0,Chile,"Teck Resources Ltd. (90.00)
Empresa Nacional de Minería (10.00)",72.96,44.8,14305.80000000001,41.52,62.25,25.91,60.69,38.58,9.83,238.77
Los Bronces SX-EW,75986.0,Chile,"Anglo American PLC (50.06)
Mitsubishi Corp. (20.44)
Codelco (20.00)
Mitsui & Co. Ltd. (9.50)",73.19,21.2,14327.000000000011,78.93,103.3,2.43,49.41,4.8,0.47,239.34
East Yellow Mountain,33386.0,China,Xinjiang Xinxin Mining Industry Co. Ltd. (100.00),73.3,3.6,14330.600000000011,76.07,25.92,8.54,35.07,66.14,28.01,239.74
Zijinshan,29735.0,China,Zijin Mining Group Co. Ltd. (100.00),73.32,47.3,14377.90000000001,59.77,28.9,4.7,67.99,38.1,40.43,239.9
Guelb Moghrein,28286.0,Mauritania,First Quantum Minerals Ltd. (100.00),73.56,11.7,14389.600000000011,9.0,50.13,19.94,129.04,22.26,9.62,240.0
Caraíba,27830.0,Brazil,Ero Copper Corp. (99.60),73.62,38.8,14428.40000000001,69.12,49.48,10.28,75.61,27.36,8.39,240.25
Tongdan,80815.0,China,China State-Owned Mining Enterprise (100.00),73.82,3.7,14432.100000000011,63.47,36.39,10.34,65.95,32.64,31.86,240.65
Deflector,28512.0,Australia,Vault Minerals Ltd. (100.00),73.84,0.3,14432.40000000001,69.97,26.37,3.85,111.45,18.64,11.71,242.0
Jiuquan,36374.0,China,Sunan County Qilianshan Mining Co. Ltd. (100.00),73.84,0.1,14432.500000000011,52.5,28.24,0.44,80.29,35.41,45.43,242.33
Carrapateena,33838.0,Australia,BHP Group Ltd. (100.00),73.84,64.9,14497.40000000001,97.4,10.8,3.92,89.72,22.62,20.92,245.38
Varvara,29607.0,Kazakhstan,Solidcore Resources PLC (100.00),74.17,1.8,14499.20000000001,26.54,36.37,1.65,162.87,13.29,4.88,245.6
Mototolo,33727.0,South Africa,Valterra Platinum Ltd. (100.00),74.18,0.2,14499.40000000001,66.83,97.47,6.56,41.42,22.08,11.96,246.33
Yinmin,81242.0,China,Tangdan Conc. Plant (100.00),74.18,4.7,14504.100000000011,45.29,55.94,9.61,70.95,25.84,40.48,248.11
El Abra,27678.0,Chile,"Freeport-McMoRan Inc. (51.00)
Codelco (49.00)",74.21,93.5,14597.600000000011,126.45,65.24,10.08,33.56,10.53,3.14,249.0
Panagyurishte Mining and Processing Complex,27302.0,Bulgaria,Assarel-Medet JSCo. (100.00),74.69,60.2,14657.800000000012,56.86,84.77,19.85,52.76,24.52,10.44,249.2
Campo Morado,29404.0,Mexico,"Luca Mining Corp. (99.90)
Reynas Minas SA de CV (0.10)",74.99,3.8,14661.600000000011,83.56,24.42,7.9,76.04,50.39,7.2,249.51
El Soldado,26722.0,Chile,"Anglo American PLC (50.06)
Mitsubishi Corp. (20.44)
Codelco (20.00)
Mitsui & Co. Ltd. (9.50)",75.01,42.8,14704.40000000001,71.19,71.87,33.79,41.45,30.7,0.87,249.87
Maoyuan,81251.0,China,Private Interest (100.00),75.23,1.4,14705.80000000001,30.5,65.27,10.24,80.65,22.95,41.17,250.8
Gibraltar,26577.0,Canada,Trekor Metals Ltd. (100.00),75.24,56.3,14762.10000000001,39.61,84.35,23.67,74.63,25.61,3.28,251.14
Cerro Verde SX-EW,75975.0,Peru,"Freeport-McMoRan Inc. (55.08)
Sumitomo Metal Mining Co. Ltd. (21.00)
Compañía de Minas Buenaventura SAA (19.58)",75.53,40.8,14802.900000000009,10.72,90.91,31.66,83.18,16.7,18.1,251.27
Bozymchak,35199.0,Kyrgyzstan,KAZ Minerals Limited (100.00),75.74,5.1,14808.00000000001,37.61,79.91,7.31,75.24,19.33,32.51,251.91
Fengshan,80697.0,China,China Daye Non-Ferrous Metals Mining Ltd. (95.35),75.76,4.3,14812.300000000008,36.68,64.52,7.38,60.33,26.08,57.18,252.17
Salvador,28010.0,Chile,Codelco (100.00),75.78,33.2,14845.50000000001,99.06,61.89,22.48,25.56,33.74,9.59,252.31
Black Mountain,27286.0,South Africa,"Vedanta Ltd. (74.00)
Exxaro Resources Ltd. (26.00)",75.95,2.0,14847.50000000001,80.49,77.21,5.89,24.86,36.38,28.99,253.82
Avino,26257.0,Mexico,"Avino Silver & Gold Mines Ltd. (99.67)
Private Interest (0.33)",75.96,2.6,14850.10000000001,40.73,63.91,11.9,87.4,33.01,17.8,254.74
Tonghe,80810.0,China,"Linxi County Tonghe Mining Co., Ltd. (100.00)",75.98,0.3,14850.400000000009,64.11,52.13,11.02,55.45,30.95,41.35,255.02
MATSA,27674.0,Spain,Sandfire Resources Ltd. (100.00),75.98,53.3,14903.700000000008,57.28,91.03,8.67,22.81,76.5,0.0,256.29
Antucoya,30340.0,Chile,"Antofagasta PLC (70.00)
Marubeni Corp. (30.00)",76.25,77.3,14981.000000000007,95.53,88.86,19.56,42.95,7.48,1.96,256.35
Kapan,31402.0,Armenia,Gold Mining Company LLC (100.00),76.65,1.8,14982.800000000007,53.79,25.26,30.14,107.65,14.34,25.79,256.97
Cerro Lindo,29509.0,Peru,Nexa Resources Perú SAA (100.00),76.66,24.7,15007.500000000007,31.43,113.65,10.24,73.84,23.94,4.34,257.44
Kamoto SX-EW,79271.0,Dem. Rep. Congo,"Glencore PLC (75.00)
Dem. Rep. Congo (25.00)",76.78,150.0,15157.500000000007,22.23,87.34,24.98,80.87,11.79,30.32,257.52
Jingbian,80803.0,China,Private Interest (100.00),77.55,0.2,15157.700000000008,67.54,36.39,0.1,79.26,27.85,48.27,259.42
El Porvenir,28596.0,Peru,Nexa Resources Perú SAA (100.00),77.55,0.4,15158.100000000008,34.68,101.07,6.18,100.62,11.32,6.28,260.15
Kinsevere,33340.0,Dem. Rep. Congo,MMG Ltd. (100.00),77.55,66.0,15224.100000000008,50.93,22.01,110.72,52.06,7.13,19.74,262.58
Erzhulong,81213.0,China,Qinghai Xinguang Mining and Trade Co. Ltd. (100.00),77.89,1.3,15225.400000000007,73.01,56.88,13.97,42.7,25.55,50.91,263.02
New Afton,26942.0,Canada,New Gold Inc. (100.00),77.9,27.3,15252.700000000006,100.76,19.61,10.48,78.59,44.67,10.46,264.58
Caserones,29152.0,Chile,"Lundin Mining Corp. (70.00)
JX Advanced Metals Corp. (30.00)",78.04,88.3,15341.000000000005,60.14,55.81,43.64,51.65,42.02,13.62,266.87
Bizhigou,80814.0,China,Shanxi Zhongtiaoshan Nonferrous Metals Group Zizigou Mining Co. Ltd. (100.00),78.49,2.6,15343.600000000006,91.67,55.61,7.35,44.76,27.57,40.24,267.2
Yinan,63901.0,China,Shandong Gold Mining Co. Ltd. (100.00),78.5,1.2,15344.800000000007,87.18,68.87,5.21,48.12,44.03,15.65,269.06
Cerro Verde,27055.0,Peru,"Freeport-McMoRan Inc. (55.08)
Compañía de Minas Buenaventura SAA (19.58)
Sumitomo Metal Mining Co. Ltd. (16.80)
Sumitomo Corp. (4.20)",78.51,473.6,15818.400000000007,6.05,106.14,44.36,65.45,32.05,16.71,270.76
Ontario Division,27672.0,Canada,Vale SA (100.00),80.93,58.2,15876.600000000008,72.72,41.07,13.42,123.02,22.21,0.0,272.44
Tongshanpai,81198.0,China,Anhui Chizhou Jinchi Investment Co. Ltd. (100.00),81.23,0.4,15877.000000000007,69.31,59.33,7.78,71.25,26.64,38.43,272.74
Telfer,26419.0,Australia,Greatland Resources Ltd. (100.00),81.23,8.7,15885.700000000008,103.21,37.04,3.04,94.93,22.33,12.24,272.79
Erdenet,27495.0,Mongolia,"Mongolia (51.00)
Mongolian Copper Corp. LLC (49.00)",81.28,154.9,16040.600000000008,29.57,44.21,8.78,55.44,68.14,66.97,273.11
Fengjiashan,81205.0,China,Hubei Fengjiashan Mining Co. Ltd. (100.00),82.07,1.0,16041.600000000008,86.34,58.8,6.21,66.48,28.61,27.89,274.33
Laolaihong,81232.0,China,Kunming Laolaihong Mining Co. Ltd. (100.00),82.07,0.5,16042.100000000008,36.43,76.7,10.78,88.63,26.97,36.63,276.14
Hemeida Industrial and Trading Company,81231.0,China,Kunming Hemeida Industry and Trade Co. Ltd. (100.00),82.08,0.5,16042.600000000008,79.12,25.19,9.14,89.87,30.89,43.04,277.25
Niutoushan,66154.0,China,"Wanyu Mining (65.00)
Yinfu Gold Corp. (35.00)",82.08,0.4,16043.000000000007,75.03,35.96,7.56,86.7,27.56,44.49,277.3
Yaodongzao,81202.0,China,Subei County Yuxi Mining Co. Ltd. (100.00),82.08,1.3,16044.300000000007,93.72,43.34,10.34,41.06,33.94,55.52,277.92
Lanniping,81195.0,China,,82.09,4.0,16048.300000000007,70.3,37.06,12.27,58.7,36.71,65.12,280.16
Chungar,31651.0,Peru,Volcan Compañía Minera SAA (100.00),82.11,0.8,16049.100000000006,92.53,45.74,5.13,118.45,14.67,4.57,281.09
Phoenix SX-EW,76083.0,USA,,82.11,6.3,16055.400000000005,57.29,27.21,105.48,87.32,4.01,0.0,281.31
Two Rivers,30707.0,South Africa,"African Rainbow Minerals Ltd. (54.00)
Impala Platinum Holdings Ltd. (46.00)",82.14,0.3,16055.700000000004,88.68,39.68,3.6,69.36,80.78,0.0,282.1
Quebrada Blanca,27019.0,Chile,"Teck Resources Ltd. (60.00)
Sumitomo Metal Mining Co. Ltd. (25.00)
Codelco (10.00)
Sumitomo Corp. (5.00)",82.15,208.8,16264.500000000004,37.2,53.93,17.83,128.95,41.88,3.78,283.56
Nova-Bollinger,40767.0,Australia,IGO Ltd. (100.00),83.21,4.1,16268.600000000004,125.62,51.39,8.0,69.62,8.2,21.0,283.84
Cobar,28004.0,Australia,Harmony Gold Mining Co. Ltd. (100.00),83.23,41.3,16309.900000000003,199.28,5.52,0.99,16.33,44.71,17.52,284.34
Red Chris,28908.0,Canada,"Newmont Corp. (70.00)
Imperial Metals Corp. (30.00)",83.45,38.1,16348.000000000004,97.86,41.03,14.71,86.03,37.38,7.96,284.96
Sossego,31223.0,Brazil,Vale SA (100.00),83.64,53.6,16401.600000000002,78.65,46.5,22.52,91.75,38.58,7.1,285.11
Langlike,61027.0,China,Private Interest (100.00),83.92,0.6,16402.2,63.14,46.57,18.99,70.85,35.4,50.57,285.52
Proyecto de Rio Tinto,30469.0,Spain,Atalaya Mining Copper SA (100.00),83.92,44.4,16446.600000000002,42.54,45.18,43.33,103.59,51.37,0.0,286.01
Bor Basin,27543.0,Serbia,"Zijin Mining Group Co. Ltd. (63.00)
RTB Bor Group d.o.o. (37.00)",84.15,114.9,16561.500000000004,48.66,87.34,5.08,73.87,50.3,20.94,286.18
Padcal,27918.0,Philippines,Philex Mining Corp. (100.00),84.73,9.3,16570.800000000003,45.25,57.25,22.03,106.77,32.32,22.93,286.56
Chuquicamata,26697.0,Chile,Codelco (100.00),84.78,304.6,16875.4,132.26,48.33,15.42,55.23,30.33,6.05,287.63
Safford,27280.0,USA,Freeport-McMoRan Inc. (100.00),86.34,127.7,17003.100000000002,84.7,60.21,0.84,129.05,3.63,10.5,288.94
Tianbaoshan,61042.0,China,"Sichuan Huili Lead & Zinc Co., Ltd. (100.00)",86.99,0.2,17003.300000000003,76.74,57.28,8.41,85.57,31.04,30.26,289.3
Chino SX-EW,75976.0,USA,Freeport-McMoRan Inc. (100.00),86.99,20.6,17023.9,102.92,45.48,19.87,115.74,3.63,2.1,289.73
Platinum Mile,36120.0,South Africa,"Sibanye Stillwater Ltd. (91.70)
Mvelaphanda Holdings (Proprietary) Ltd (8.30)",87.1,0.0,17023.9,14.88,151.23,37.04,21.51,66.0,0.0,290.66
Shangrao,81211.0,China,Jiangxi Jinyu Industrial Group Co. Ltd. (100.00),87.1,1.2,17025.100000000002,68.01,64.39,11.54,78.73,19.66,48.55,290.89
Bolivar,33381.0,Mexico,Alpayana S.A.C. (100.00),87.11,11.4,17036.500000000004,58.25,87.1,2.16,76.66,58.36,8.69,291.21
Shijiangjun,81256.0,China,Tangdan Conc. Plant (100.00),87.16,0.7,17037.200000000004,73.49,57.87,14.09,63.71,30.89,51.44,291.49
Kyzyl-Tash Turk,35493.0,Russia,"Zijin Mining Group Co. Ltd. (70.00)
Shandong Longxing Group Laizhou Chemical Building Materials Co.Ltd. (30.00)",87.17,4.1,17041.300000000003,214.47,7.01,0.54,7.94,26.04,36.04,292.04
Zimplats,29249.0,Zimbabwe,Zimplats Holdings Ltd. (100.00),87.19,4.2,17045.500000000004,38.9,16.3,1.89,114.64,109.12,11.59,292.44
Zaldivar,27390.0,Chile,"Barrick Mining Corp. (50.00)
Antofagasta PLC (50.00)",87.21,84.9,17130.400000000005,91.84,124.68,7.03,57.51,2.53,9.78,293.37
Caserones SX-EW,76101.0,Chile,JX Advanced Metals Corp. (100.00),87.64,24.5,17154.900000000005,49.2,173.97,12.07,40.06,4.73,13.61,293.65
Ellatzite,28750.0,Bulgaria,Geotechmin Ood (100.00),87.77,35.7,17190.600000000006,115.9,70.08,29.07,47.68,22.88,8.32,293.93
Olympic Dam,25635.0,Australia,BHP Group Ltd. (100.00),87.95,198.6,17389.200000000004,107.35,21.2,15.86,88.29,31.25,30.28,294.23
Panagyurishte SX-EW,83736.0,Bulgaria,Assarel-Medet JSCo. (100.00),88.97,1.5,17390.700000000004,37.79,38.35,153.08,57.33,0.17,7.87,294.6
Tyrone SX-EW,76109.0,USA,Freeport-McMoRan Inc. (100.00),88.98,19.4,17410.100000000006,112.1,41.23,0.0,141.82,0.0,2.1,297.25
Julcani,28605.0,Peru,Compañía de Minas Buenaventura SAA (100.00),89.08,1.4,17411.500000000007,118.69,70.06,1.57,90.09,16.04,2.31,298.76
Tongshan,29739.0,China,Tongling Nonferrous Metals Group Co. Ltd. (100.00),89.08,2.2,17413.700000000008,98.48,46.18,10.71,87.07,31.67,25.84,299.95
Eloise,28703.0,Australia,AIC Mines Ltd. (100.00),89.09,12.4,17426.10000000001,132.05,48.34,9.95,49.36,41.78,18.74,300.22
Batu Hijau,28386.0,Indonesia,"PT Amman Mineral Internasional Tbk (99.99)
PT AP Investment (0.01)",89.16,100.3,17526.40000000001,35.33,171.62,13.42,35.03,20.6,25.34,301.33
Shunqiang,81263.0,China,Kunming Shunqiang Mining Co. Ltd. (100.00),89.67,0.4,17526.80000000001,73.59,68.4,8.18,74.37,30.89,46.72,302.15
Mission,24505.0,USA,Grupo México SAB de CV (100.00),89.67,51.0,17577.80000000001,63.17,46.47,31.88,119.96,32.71,10.51,304.69
Capela,27826.0,Mexico,Industrias Peñoles SAB de CV (100.00),89.93,4.1,17581.90000000001,96.85,78.94,22.65,94.98,15.44,0.65,309.5
Tritton,29544.0,Australia,Aeris Resources Ltd. (100.00),89.96,20.0,17601.90000000001,171.04,28.58,2.7,51.72,43.36,12.78,310.18
Bagdad,24518.0,USA,Freeport-McMoRan Inc. (100.00),90.06,64.2,17666.10000000001,65.84,70.63,48.84,94.73,20.47,10.39,310.9
Soerkuduke,30665.0,China,Baiyin Nonferrous Group Co. Ltd. (100.00),90.39,5.9,17672.00000000001,39.37,86.91,14.85,63.2,61.48,47.22,313.02
Los Bronces,26723.0,Chile,"Anglo American PLC (50.06)
Mitsubishi Corp. (20.44)
Codelco (20.00)
Mitsui & Co. Ltd. (9.50)",90.42,131.5,17803.50000000001,70.77,106.81,46.19,47.1,37.96,4.85,313.69
Lubambe,28837.0,Zambia,"JCHX Mining Management Co.Ltd. (80.00)
ZCCM Investments Holdings PLC (20.00)",91.09,8.5,17812.00000000001,121.66,39.6,12.48,73.71,25.56,42.0,315.01
Datong,80818.0,China,China State-Owned Mining Enterprise (100.00),91.13,1.1,17813.10000000001,24.96,59.02,18.49,122.68,35.96,54.09,315.2
El Teniente Tailings,32770.0,Chile,Codelco (100.00),91.14,27.4,17840.50000000001,19.91,50.43,62.59,40.94,18.63,122.84,315.34
Anqing,27467.0,China,Tongdu Copper Works (100.00),91.28,5.7,17846.20000000001,84.22,66.61,15.69,76.92,28.8,43.1,315.35
Raglan,26073.0,Canada,Glencore PLC (100.00),91.31,7.5,17853.70000000001,71.61,18.64,6.97,142.57,58.57,17.39,315.75
Pinto Valley,24470.0,USA,Capstone Copper Corp. (100.00),91.35,38.3,17892.00000000001,59.53,44.89,42.87,106.89,60.55,1.91,316.65
Tongshankou,30654.0,China,"China Daye Non-Ferrous Metals Mining Ltd. (95.35)
China Nonferrous Metal Mining (Group) Co. Ltd. (4.65)",91.54,4.7,17896.70000000001,58.41,115.14,18.02,75.84,25.88,24.9,318.19
Miami,24469.0,USA,Freeport-McMoRan Inc. (100.00),91.57,3.7,17900.400000000012,156.47,40.27,19.18,88.45,3.63,10.5,318.5
Qiaoxiahala,80827.0,China,Private Interest (100.00),91.58,1.0,17901.400000000012,70.69,54.29,23.43,69.63,56.71,45.05,319.8
Lvshui,81218.0,China,Huili Xingda Mining Co. Ltd. (100.00),91.59,1.8,17903.20000000001,53.75,93.63,16.84,68.62,39.51,48.13,320.48
Shejiaao,81197.0,China,Private Interest (100.00),91.6,0.1,17903.30000000001,100.95,61.12,10.64,67.35,27.07,53.38,320.52
Xingjiang,36137.0,China,China Daye Non-Ferrous Metals Mining Ltd. (55.00),91.6,7.5,17910.80000000001,78.62,39.98,4.41,119.02,27.58,52.2,321.82
Copper Mountain,26105.0,Canada,Hudbay Minerals Inc. (100.00),91.64,26.4,17937.20000000001,113.9,54.33,15.21,108.65,24.47,5.29,321.86
Aitik,27291.0,Sweden,Boliden AB (publ) (100.00),91.77,48.0,17985.20000000001,39.99,92.41,39.33,122.94,27.69,0.0,322.36
Zhurihe,80811.0,China,,92.02,1.1,17986.30000000001,116.07,44.03,6.92,82.17,34.37,39.36,322.93
Sierrita SX-EW,76079.0,USA,Freeport-McMoRan Inc. (100.00),92.02,18.8,18005.10000000001,91.85,53.19,78.2,83.13,8.99,10.5,325.88
Zhixincheng Conc. Plant,81238.0,China,Zhixincheng Conc. Plant (100.00),92.12,0.6,18005.700000000008,65.28,80.29,13.35,84.11,32.14,52.48,327.65
Jiujiang,80801.0,China,Jiujiang Mining and Metallurgy Co. Ltd. (100.00),92.12,0.2,18005.90000000001,64.79,52.14,14.99,89.33,40.11,66.68,328.04
Chino,24733.0,USA,Freeport-McMoRan Inc. (100.00),92.12,40.6,18046.500000000007,87.58,68.36,27.39,127.63,16.11,2.1,329.16
Shaxi,37670.0,China,Tongling Nonferrous Metals Group Co. Ltd. (100.00),92.33,12.4,18058.90000000001,69.54,63.3,8.35,121.87,20.67,46.22,329.96
KGHM Polska Miedz,28257.0,Poland,KGHM Polska Miedz SA (100.00),92.4,392.4,18451.30000000001,76.39,21.88,8.81,92.13,49.45,81.49,330.15
Jixing,80808.0,China,Inner Mongolia Yufeng Mining Group Co. Ltd. (100.00),94.4,0.1,18451.40000000001,64.32,55.55,30.45,121.84,25.23,33.32,330.71
Jilongshan,34035.0,China,Zhongjin Gold Corp.Ltd. (55.00),94.4,1.0,18452.40000000001,73.36,116.61,10.77,71.14,23.53,35.72,331.13
Bairen,81247.0,China,Inner Mongolia Bayern Mining Co. Ltd. (100.00),94.41,0.7,18453.10000000001,56.03,59.81,25.29,92.39,23.86,73.99,331.37
Peak,26771.0,Australia,Aurelia Metals Ltd. (100.00),94.41,2.1,18455.200000000008,151.51,25.29,6.41,98.22,23.82,26.28,331.54
Kipoi SX-EW,80064.0,Dem. Rep. Congo,"Tiger Resources Ltd. (95.00)
Gécamines SA (5.00)",94.42,26.2,18481.40000000001,96.26,103.13,47.56,51.1,11.11,22.8,331.96
Unki,30514.0,Zimbabwe,Valterra Platinum Ltd. (100.00),94.56,2.5,18483.90000000001,72.16,69.92,11.57,51.48,118.51,8.51,332.15
San Vicente,27623.0,Bolivia,"Pan American Silver Corp. (95.00)
Trafigura Group Pte. Ltd. (5.00)",94.57,0.6,18484.500000000007,46.62,42.68,6.2,103.53,6.47,126.81,332.32
Nanchong,81216.0,China,Private Interest (100.00),94.57,0.9,18485.40000000001,54.67,49.08,29.62,111.73,38.42,49.75,333.27
Yauricocha,27747.0,Peru,"Alpayana S.A.C. (81.84)
Private Interest (18.16)",94.58,2.2,18487.60000000001,66.18,95.26,8.25,114.48,45.84,4.08,334.09
Mutanda,38654.0,Dem. Rep. Congo,"Glencore PLC (95.00)
Dem. Rep. Congo (5.00)",94.59,2.5,18490.10000000001,143.32,28.91,1.8,82.35,48.35,29.54,334.26
Sierrita,24503.0,USA,Freeport-McMoRan Inc. (100.00),94.6,54.5,18544.60000000001,72.51,65.84,52.72,116.23,16.76,10.32,334.38
Charcas,28283.0,Mexico,Southern Copper Corp. (100.00),94.88,1.5,18546.10000000001,174.74,37.52,26.22,69.58,18.53,7.85,334.44
Huaron,27879.0,Peru,Pan American Silver Corp. (100.00),94.89,1.4,18547.50000000001,175.15,65.89,4.23,74.01,11.5,4.58,335.36
Marikana,27605.0,South Africa,"Sibanye Stillwater Ltd. (80.64)
Incwala Resource (Pty) Ltd. (19.36)",94.9,1.9,18549.400000000012,228.07,65.37,6.9,30.82,2.4,2.33,335.88
Western Limb Tailings,32553.0,South Africa,Sibanye Stillwater Ltd. (100.00),94.91,0.3,18549.70000000001,49.75,54.25,15.19,77.72,139.59,1.49,337.98
Ray,24509.0,USA,Grupo México SAB de CV (100.00),94.91,33.3,18583.00000000001,63.74,50.66,22.46,164.01,37.6,0.0,338.46
Ta Khoa,27531.0,Vietnam,"Xalotho Co. Ltd (80.00)
Blackstone Minerals Ltd. (20.00)",95.08,0.6,18583.60000000001,16.76,46.21,13.15,177.16,57.72,29.34,340.33
Baiyunshan,80812.0,China,Yangxin County Xincheng Mining Co. Ltd. (100.00),95.08,7.9,18591.50000000001,82.41,85.28,12.43,79.35,28.61,52.72,340.8
Dahongshan,29744.0,China,Yunnan Copper Co.Ltd. (100.00),95.12,18.0,18609.50000000001,46.36,108.38,22.34,85.33,28.98,49.52,340.91
Amandelbult,31295.0,South Africa,Valterra Platinum Ltd. (100.00),95.21,0.2,18609.70000000001,211.27,71.69,8.89,23.01,22.08,4.03,340.96
Prominent Hill,32233.0,Australia,BHP Group Ltd. (100.00),95.21,43.7,18653.400000000012,165.39,22.75,9.33,108.99,16.55,20.88,343.9
San Martin,29435.0,Mexico,Southern Copper Corp. (100.00),95.44,4.4,18657.800000000014,114.6,70.59,37.56,90.82,24.3,6.52,344.39
Baiyin Shenbu,80829.0,China,"Baiyin Deep Mining Co., Ltd. (100.00)",95.46,3.5,18661.300000000014,74.18,71.35,15.54,90.63,36.28,61.86,349.83
Sarcheshmeh,27619.0,Iran,National Iranian Copper (100.00),95.48,186.2,18847.500000000015,136.42,159.27,18.42,16.43,21.51,0.0,352.05
Sabinas,30768.0,Mexico,Industrias Peñoles SAB de CV (100.00),96.43,2.0,18849.500000000015,157.5,71.29,9.3,84.34,25.41,5.77,353.61
Yongping,35755.0,China,Jiangxi Copper Co. Ltd. (100.00),96.44,7.9,18857.400000000016,137.84,81.81,7.77,65.08,22.11,40.14,354.74
Tugenmansu,86199.0,China,China State-Owned Mining Enterprise (100.00),96.48,0.2,18857.600000000017,111.62,45.73,11.07,76.87,46.16,66.5,357.95
Wutongjing,81199.0,China,Private Interest (100.00),96.48,0.3,18857.900000000016,43.93,117.46,5.36,108.13,29.61,56.88,361.38
Shanjinhongling,35878.0,China,"Chifeng Jinhongling Nonferrous Mining Co., Ltd. (100.00)",96.49,0.5,18858.400000000016,62.21,92.22,14.67,120.5,38.55,39.08,367.23
Liwan,80834.0,China,Private Interest (100.00),96.49,0.2,18858.600000000017,103.67,58.02,19.99,124.17,26.05,41.65,373.56
Mimosa,27951.0,Zimbabwe,"Impala Platinum Holdings Ltd. (50.00)
Sibanye Stillwater Ltd. (50.00)",96.49,2.4,18861.00000000002,66.33,104.7,6.43,74.81,108.49,13.1,373.85
Konkola,29352.0,Zambia,"Vedanta Inc. (79.40)
ZCCM Investments Holdings PLC (20.60)",96.5,34.3,18895.300000000017,123.6,167.17,1.51,17.45,22.73,42.0,374.46
Zihao,81266.0,China,Kunming Haohao Mining Co. Ltd. (100.00),96.68,0.9,18896.20000000002,58.83,93.13,16.97,94.14,44.03,68.5,375.59
Somincor,25687.0,Portugal,Boliden AB (publ) (100.00),96.68,13.6,18909.800000000017,139.38,51.16,27.05,126.8,33.3,2.81,380.49
Alex,81253.0,China,Xinjiang Xinxin Mining Industry Co. Ltd. (100.00),96.75,0.3,18910.100000000017,77.81,42.53,20.76,91.86,62.36,87.04,382.36
Modikwa,31138.0,South Africa,"Valterra Platinum Ltd. (50.00)
African Rainbow Minerals Ltd. (41.50)
Private Interest (8.50)",96.75,0.4,18910.50000000002,137.44,87.46,11.29,127.53,22.13,0.93,386.78
El Valle,28963.0,Spain,Orvana Minerals Corp. (100.00),96.75,1.4,18911.90000000002,146.95,81.5,12.31,115.29,20.11,11.99,388.15
Pilanesberg,32875.0,South Africa,Sedibelo Resources Limited (100.00),96.76,0.7,18912.60000000002,4.51,173.1,20.06,92.8,97.96,0.96,389.39
Impala Bafokeng,30267.0,South Africa,"Impala Platinum Holdings Ltd. (87.00)
Private Interest (13.00)",96.76,1.9,18914.500000000022,199.73,75.48,5.62,102.91,0.32,6.0,390.06
Velardena,35515.0,Mexico,Industrias Peñoles SAB de CV (100.00),96.77,2.5,18917.000000000022,131.92,96.71,13.04,117.97,32.96,3.02,395.63
Mount Lyell,26806.0,Australia,Sibanye Stillwater Ltd. (100.00),96.79,11.5,18928.500000000022,159.9,19.92,7.91,152.79,38.27,17.07,395.87
Heijing,80821.0,China,Huili County Heiyu Mining Co. Ltd. (100.00),96.85,1.9,18930.400000000023,46.9,89.02,23.47,121.92,46.87,70.46,398.64
Yueshan,80833.0,China,Tongling Nonferrous Metals Group Co. Ltd. (100.00),96.86,0.7,18931.100000000024,183.9,62.45,5.72,81.96,26.99,38.36,399.39
Stillwater,24891.0,USA,Sibanye Stillwater Ltd. (100.00),96.86,0.3,18931.400000000023,103.41,42.15,14.44,113.25,127.09,0.0,400.35
Shuangfo Second Conc. Plant,81227.0,China,Kunming Shuangfo Mining Co. Ltd. (100.00),96.86,0.1,18931.500000000022,66.1,87.84,12.94,129.55,29.45,74.76,400.64
Impala Canada,25979.0,Canada,Impala Platinum Holdings Ltd. (100.00),96.86,1.4,18932.900000000023,109.91,42.98,10.2,116.25,109.41,12.7,401.44
Dongjin,81258.0,China,Kunming Dongshen Mining Co. Ltd. (100.00),96.87,0.2,18933.100000000024,108.99,105.65,10.51,68.44,31.93,76.5,402.03
Morenci SX-EW,75988.0,USA,"Freeport-McMoRan Inc. (72.00)
Sumitomo Metal Mining Co. Ltd. (25.00)
Sumitomo Corp. (3.00)",96.87,145.9,19079.000000000025,104.77,65.03,54.16,162.4,8.45,10.5,405.3
Morenci,24473.0,USA,"Freeport-McMoRan Inc. (72.00)
Sumitomo Metal Mining Co. Ltd. (25.00)
Sumitomo Corp. (3.00)",97.62,109.8,19188.800000000025,84.8,90.03,49.48,156.92,13.94,10.47,405.63
Pumpkin Hollow,24697.0,USA,Kinterra Capital Corp. (100.00),98.18,5.1,19193.900000000023,173.05,21.67,12.52,134.95,39.59,24.76,406.55
Mantoverde SX-EW,90939.0,Chile,"Capstone Copper Corp. (69.99)
Mitsubishi Materials Corp. (30.00)",98.2,32.0,19225.900000000023,191.16,115.91,48.1,54.76,2.53,0.61,413.07
Manitoba Division,26560.0,Canada,Vale SA (100.00),98.37,7.5,19233.400000000023,70.25,28.89,14.48,151.86,149.47,0.0,414.95
Woodlawn,27104.0,Australia,Develop Global Ltd. (100.00),98.41,1.5,19234.900000000023,218.57,63.18,7.19,71.92,33.65,22.25,416.75
Kanmantoo,33083.0,Australia,Hillgrove Resources Ltd. (100.00),98.41,10.9,19245.800000000025,189.4,43.95,16.27,103.34,44.96,20.57,418.48
Rustenburg,27519.0,South Africa,"Sibanye Stillwater Ltd. (74.00)
Newshelf 1335 Pty. Ltd. (26.00)",98.47,1.4,19247.200000000026,102.19,56.43,4.57,128.29,126.4,1.61,419.5
Golden Grove,25685.0,Australia,29Metals Ltd. (100.00),98.48,21.2,19268.400000000027,127.87,67.83,7.63,154.65,41.37,24.28,423.63
Laocun Hydrometallurgy Plant,81228.0,China,Private Interest (100.00),98.59,0.2,19268.600000000028,116.38,94.82,12.31,115.08,35.01,50.74,424.34
Shuangfo Conc. Plant,81233.0,China,Kunming Shuangfo Mining Co. Ltd. (100.00),98.59,0.3,19268.900000000027,103.68,83.3,12.84,105.39,30.89,91.77,427.88
Mantos Blancos SX-EW,75987.0,Chile,Capstone Copper Corp. (100.00),98.59,7.0,19275.900000000027,136.98,214.12,0.3,73.92,3.16,0.0,428.49
Platreef,38500.0,South Africa,"Ivanhoe Mines Ltd. (64.00)
Black Economic Empowerment (26.00)",98.62,0.5,19276.400000000027,83.13,34.47,4.28,247.82,37.2,22.74,429.64
Sudbury Operations,27146.0,Canada,Glencore PLC (100.00),98.63,6.9,19283.30000000003,124.03,39.03,13.37,219.24,38.09,0.0,433.75
Milpillas,29815.0,Mexico,Industrias Peñoles SAB de CV (100.00),98.66,13.0,19296.30000000003,136.14,136.57,69.94,101.96,5.99,0.0,450.6
Kroondal,32954.0,South Africa,Sibanye Stillwater Ltd. (100.00),98.73,0.2,19296.50000000003,67.55,70.55,37.96,145.26,113.77,15.74,450.83
San Francisco del Oro,28591.0,Mexico,Minera Frisco S.A.B. de C.V. (99.16),98.73,0.9,19297.40000000003,116.0,182.57,35.82,94.63,24.31,19.22,472.55
Hongwei,81204.0,China,Daye Xinghong Mining Co. Ltd. (100.00),98.73,0.1,19297.50000000003,137.88,102.14,14.71,107.13,30.14,83.85,475.86
Nchanga SX-EW,76095.0,Zambia,"Vedanta Inc. (79.40)
ZCCM Investments Holdings PLC (20.60)",98.73,76.9,19374.40000000003,165.32,199.27,8.87,28.13,46.02,42.0,489.61
Bingham Canyon,24783.0,USA,Rio Tinto Group (100.00),99.13,119.0,19493.40000000003,42.0,145.67,73.93,227.76,20.74,0.0,510.09
Mufulira SX-EW,76075.0,Zambia,ZCCM Investments Holdings PLC (100.00),99.74,2.0,19495.40000000003,66.79,7.09,407.72,14.94,0.0,22.64,519.18
Eland,34342.0,South Africa,Northam Platinum Holdings Ltd. (100.00),99.75,0.1,19495.50000000003,168.01,240.54,11.52,102.71,32.68,2.62,558.08
Voisey's Bay,28992.0,Canada,Vale SA (100.00),99.75,16.8,19512.30000000003,123.27,96.9,18.72,295.6,48.77,12.67,595.92
Zijinshan SXEW,81884.0,China,Zijin Mining Group Co. Ltd. (100.00),99.83,20.0,19532.30000000003,110.37,107.59,221.95,132.21,0.0,24.91,597.04
Pinto Valley SX-EW,76080.0,USA,Capstone Copper Corp. (100.00),99.94,2.2,19534.50000000003,292.75,71.32,47.5,272.73,3.74,1.91,689.96
Nchanga,28264.0,Zambia,"Vedanta Inc. (79.40)
ZCCM Investments Holdings PLC (20.60)",99.95,9.0,19543.50000000003,307.18,238.64,15.19,79.55,23.13,42.65,706.35
Baita Plai,75735.0,Romania,Vast Resources PLC (100.00),99.99,0.6,19544.100000000028,434.72,80.32,9.32,185.6,42.77,21.0,773.73
Maria,26477.0,Mexico,Minera Frisco S.A.B. de C.V. (99.99),100.0,0.8,19544.900000000027,388.57,419.86,14.47,316.53,10.23,25.83,1175.49
"*Figures pre-2025 are based on reported/actual data where available. Figures from 2025 and later are based on S&P Global Market Intelligence's estimates and forecasts. For Market Intelligence's Constant scenario, all forecasts for prices are in constant 2024 US dollars (e.g. wage rates, electricity prices, reagent or fuel costs and metal prices).",,,,,0.0,19544.900000000027,,,,,,,
