Owner_ID,Holder_Name,Holder_ID,Holder_Type,Percent_Held_by_Holder,Holder_Country
4354685,Australian Super Pty Ltd,4757367,Government Pension Sponsors,49.14,Australia
4354685,Paradice Investment Management Pty Ltd.,4234513,Traditional Investment Managers,3.39,Australia
4354685,Citigroup Inc.,4041896,Banks/Investment Banks,2.33,USA
4354685,Bruce N. Gray,,Individuals/Insiders,1.55,China
4354685,Vanguard Capital Management LLC,137764443,Traditional Investment Managers,1.12,USA
4354685,Dimensional Fund Advisors LP,111289,Traditional Investment Managers,0.95,USA
4354685,Bo Xu,,Individuals/Insiders,0.92,China
4354685,Niche Asset Management Limited,13969643,Traditional Investment Managers,0.58,United Kingdom
4354685,Nt-Comnwlth Super Corp,4549009,Traditional Investment Managers,0.58,Australia
4354685,Peng Cheng Investment Pty. Ltd.,106180618,Corporations (Private),0.47,Australia
4354685,Yyh Investment Pty. Ltd.,133943968,Corporations (Private),0.42,Australia
4354685,Vanguard Fiduciary Trust Co.,5752504,Traditional Investment Managers,0.37,USA
4354685,Arzon Capital PTY Ltd.,145890281,Corporations (Private),0.27,Australia
4354685,Kenyon St Medical Centre Pty Ltd,108540659,Corporations (Private),0.26,Australia
4354685,Zf Investments Australia Pty. Ltd.,134056246,Corporations (Private),0.22,Australia
4354685,Shaun Verner,,Individuals/Insiders,0.18,China
4354685,ALPS Advisors Inc.,4143440,Traditional Investment Managers,0.16,USA
4354685,Julio Cesar Diniz Costa,,Individuals/Insiders,0.12,China
4354685,Stephen Wells,,Individuals/Insiders,0.09,China
4354685,BetaShares Capital Ltd.,4578944,Traditional Investment Managers,0.08,Australia
4354685,James Edward Askew,,Individuals/Insiders,0.02,China
4354685,American Century Investment Management Inc,111074,Traditional Investment Managers,0.02,USA
4354685,Sara Watts,,Individuals/Insiders,0.02,China
4354685,State Street Global Advisors Inc.,110652,Traditional Investment Managers,0.01,USA
4354685,International Mining & Finance Corp.,7787995,VC/PE Firms (<5% stake),0.01,USA
4354685,John Richard Beevers,,Individuals/Insiders,0.01,China
4354685,Themes Management Co.,112247511,Traditional Investment Managers,0.01,USA
4354685,Vanguard Global Advisers LLC,4337989,Traditional Investment Managers,0.01,USA
4354685,Vanguard Asset Management Ltd.,4723508,Traditional Investment Managers,0.01,United Kingdom
4354685,Robert Edel,,Individuals/Insiders,0,China
4354685,Lisa J. Bahash,,Individuals/Insiders,0,China
4354685,José Manuel Caldeira,,Individuals/Insiders,0,China
4354685,Kangjun Zhu,,Individuals/Insiders,0,China
4354685,Vanguard Group Inc.,109776,Traditional Investment Managers,0,USA
4354685,Boston Partners Global Investors Inc.,4158830,Traditional Investment Managers,0,USA
4354685,Netwealth Investments Ltd.,4212945,Traditional Investment Managers,0,Australia
4354685,Vanguard Investments Australia Ltd.,4138917,Traditional Investment Managers,0,Australia
4354685,Sy Family Holding Pty. Ltd.,134009706,Corporations (Private),0,Australia
4354685,FinClear Pty Ltd.,6840063,Banks/Investment Banks,0,Australia
4354685,Ataturk Investments Pty. Ltd.,100335104,Corporations (Private),0,Australia
4354685,Connor Clark & Lunn Investment Management Ltd.,4035990,Traditional Investment Managers,0,Canada
106407935,Liang Zhao,,Individuals/Insiders,75,China
4348016,Van Eck Associates Corp.,109888,Traditional Investment Managers,9.07,USA
4348016,Heinz C. Schimmelbusch,,Individuals/Insiders,3.9,China
4348016,BlackRock Inc.,4048287,Traditional Investment Managers,3.05,USA
4348016,Norges Bank Investment Management,4138467,Sovereign Wealth Funds (<5% stake),2.95,Norway
4348016,Man Group PLC,4040817,Hedge Fund Managers (<5% stake),2.91,United Kingdom
4348016,Deutsche Asset & Wealth Management,111219,Traditional Investment Managers,2.73,USA
4348016,Merrill Lynch Pierce Fenner & Smith Inc.,3006816,Banks/Investment Banks,2.58,USA
4348016,Barclays Bank PLC,4041196,Banks/Investment Banks,2.53,United Kingdom
4348016,Barclays PLC,114508,Banks/Investment Banks,2.22,United Kingdom
4348016,Goldman Sachs Group Inc.,4039450,Traditional Investment Managers,2.01,USA
4348016,Dimensional Fund Advisors LP,111289,Traditional Investment Managers,1.97,USA
4348016,KBC Asset Management NV,4111901,Traditional Investment Managers,1.85,Belgium
4348016,L&G - Asset Management Ltd.,4231356,Traditional Investment Managers,1.65,United Kingdom
4348016,JPMorgan Chase & Co.,100201,Banks/Investment Banks,1.62,USA
4348016,Acadian Asset Management LLC,110495,Traditional Investment Managers,1.45,USA
4348016,Legal & General Investment Management Ltd.,4139862,Traditional Investment Managers,1.36,United Kingdom
4348016,Parametric SAS,4215415,Traditional Investment Managers,1.32,France
4348016,Bank of America NA,1009926,Corporations (Private),1.13,USA
4348016,Eric E. Jackson,,Individuals/Insiders,1.11,China
4348016,Goldman Sachs Asset Management LP,110587,Traditional Investment Managers,1.02,USA
4348016,American Century Investment Management Inc,111074,Traditional Investment Managers,1.02,USA
4348016,Global X Management (Aus) Ltd.,8365031,Traditional Investment Managers,0.92,Australia
4348016,Assenagon Asset Management S.A.,5805166,Traditional Investment Managers,0.91,Luxembourg
4348016,Société Générale SA,113818,Banks/Investment Banks,0.76,France
4348016,ING Belgium NV/SA,4242202,Banks/Investment Banks,0.74,Belgium
4348016,Royce & Associates LP,4054518,Traditional Investment Managers,0.72,USA
4348016,Mirae Asset Global Investments Co. Ltd.,4256114,Traditional Investment Managers,0.57,South Korea
4348016,Deka Investment GmbH,4137912,Traditional Investment Managers,0.49,Germany
4348016,Scopus Asset Management L.P.,4139922,Hedge Fund Managers (<5% stake),0.42,USA
4348016,Steve H. Hanke,,Individuals/Insiders,0.41,China
4348016,Baron Capital Group Inc.,4042808,Traditional Investment Managers,0.36,USA
4348016,SIH Partners LLLP,116254197,Traditional Investment Managers,0.31,USA
4348016,Jackson M. Dunckel,,Individuals/Insiders,0.28,China
4348016,Amundi Asset Management SAS,4026948,Traditional Investment Managers,0.24,France
4348016,Rainier Investment Management LLC,110360,Traditional Investment Managers,0.21,USA
4348016,SEI Investments Co.,102729,Traditional Investment Managers,0.19,USA
4348016,BNY Asset Management,4057506,Traditional Investment Managers,0.18,USA
4348016,State Street Global Advisors Inc.,110652,Traditional Investment Managers,0.17,USA
4348016,DEVK Asset Management GmbH,4420792,Traditional Investment Managers,0.17,Germany
4348016,StarCapital AG,4140083,Traditional Investment Managers,0.16,Germany
4348016,UBS Asset Management AG,4674815,Traditional Investment Managers,0.15,Switzerland
4348016,Aramea Asset Management AG,4255658,Traditional Investment Managers,0.14,Germany
4348016,Michael Gerard Connor,,Individuals/Insiders,0.12,China
4348016,Herb D. Depp,,Individuals/Insiders,0.11,China
4348016,Bessemer Investment Management LLC,4118993,Traditional Investment Managers,0.11,USA
4348016,Northern Trust Global Investments,4272373,Traditional Investment Managers,0.09,United Kingdom
4348016,AXA Towarzystwo Funduszy Inwestycyjnych SA,4653728,Traditional Investment Managers,0.08,Poland
4348016,Geode Capital Management LLC,4119759,Traditional Investment Managers,0.08,USA
4348016,Vanguard Asset Management Ltd.,4723508,Traditional Investment Managers,0.07,United Kingdom
4348016,Teachers Insurance and Annuity Association-College Retirement Equities Fund,4270330,Traditional Investment Managers,0.07,USA
4348016,Donatella Ceccarelli,,Individuals/Insiders,0.07,China
4348016,EAM Global Investors LLC,4550922,Traditional Investment Managers,0.07,USA
4348016,Niche Asset Management Limited,13969643,Traditional Investment Managers,0.06,United Kingdom
4348016,Fabiano Costa,,Individuals/Insiders,0.06,China
4348016,Warmolt Prins,,Individuals/Insiders,0.05,China
4348016,Ludo Mees,,Individuals/Insiders,0.05,China
4348016,Taunus Trust AG,5850609,Traditional Investment Managers,0.05,Germany
4348016,WisdomTree Asset Management Inc.,4145691,Traditional Investment Managers,0.04,USA
4348016,CoreCommodity Management LLC,4134208,Traditional Investment Managers,0.04,USA
4348016,Willem G. van Hassel,,Individuals/Insiders,0.04,China
4348016,Bank of America Corp.,100369,Banks/Investment Banks,0.04,USA
4348016,Anne K. Roby,,Individuals/Insiders,0.03,China
4348016,Dagmar Bottenbruch,,Individuals/Insiders,0.03,China
4348016,GWL Investment Management Ltd.,4048184,Traditional Investment Managers,0.03,Canada
4348016,ProShare Advisors LLC,4153606,Traditional Investment Managers,0.03,USA
4348016,BTG Pactual Global Asset Management Ltd.,4252258,Traditional Investment Managers,0.03,Bermuda
4348016,Robert Jeffries,,Individuals/Insiders,0.03,China
4348016,Vanguard Investments Australia Ltd.,4138917,Traditional Investment Managers,0.02,Australia
4348016,KLP Kapitalforvaltning AS,4138888,Traditional Investment Managers,0.02,Norway
4348016,Bg Fund Management Luxembourg S.A.,4253894,Traditional Investment Managers,0.02,Luxembourg
4348016,Picton Mahoney Asset Management,4557089,Traditional Investment Managers,0.01,Canada
4348016,AHP Capital Management,5847797,Traditional Investment Managers,0.01,Germany
4348016,Stefan Scherer,,Individuals/Insiders,0.01,China
4348016,Russell Investment Management LLC,111359,Traditional Investment Managers,0.01,USA
4348016,Sutterluty Investment Management GmbH,4227239,Traditional Investment Managers,0.01,Austria
4348016,D.E. Shaw & Co. LP,109290,Hedge Fund Managers (<5% stake),0,USA
4348016,First Trust Advisors LP,4033550,Traditional Investment Managers,0,USA
4348016,BetaShares Capital Ltd.,4578944,Traditional Investment Managers,0,Australia
4348016,HSBC Global Asset Management (UK) Ltd.,4115698,Traditional Investment Managers,0,United Kingdom
4348016,Towarzystwo Funduszy Inwestycyjnych PZU SA,4378744,Traditional Investment Managers,0,Poland
4348016,Themes Management Co.,112247511,Traditional Investment Managers,0,USA
4348016,DBX Advisors LLC,4318598,Traditional Investment Managers,0,USA
4348016,Old Mutual Investment Group (Pty) Ltd.,4140566,Traditional Investment Managers,0,South Africa
4348016,FMR LLC,3000896,Traditional Investment Managers,0,USA
4348016,CI Global Asset Management,4114882,Traditional Investment Managers,0,Canada
4348016,Citadel Advisors LLC,4252195,Hedge Fund Managers (<5% stake),0,USA
4348016,First American Trust FSB,1023401,Traditional Investment Managers,0,USA
4348016,Tweedy Browne Co. LLC,110330,Traditional Investment Managers,0,USA
4348016,Vanguard Group Inc.,109776,Traditional Investment Managers,0,USA
4348016,ActusRayPartners Ltd.,20313223,Hedge Fund Managers (<5% stake),0,Hong Kong
4348016,Voleon Capital Management LP,4251523,Hedge Fund Managers (<5% stake),-0.47,USA
4348016,Millennium Management LLC,4135463,Hedge Fund Managers (<5% stake),-0.83,USA
4348016,Marble Bar Asset Management LLP,4135061,Hedge Fund Managers (<5% stake),-0.91,United Kingdom
4363836,Palette Investment Management Inc.,5870185,Traditional Investment Managers,1.59,Canada
4363836,Gregory Borden Bowes,,Individuals/Insiders,1.32,China
4363836,W. Campbell Birge,,Individuals/Insiders,0.82,China
4363836,Hugues Jacquemin,,Individuals/Insiders,0.66,China
4363836,Bowes & Company Management Ltd.,9249901,Corporations (Private),0.34,Canada
4363836,B.E.S.T. Investment Counsel Ltd.,5752269,VC/PE Firms (<5% stake),0.24,Canada
4363836,Sam Januarie,,Individuals/Insiders,0.08,China
4363836,Niall Moore,,Individuals/Insiders,0.05,China
4363836,Pawel Alexander Jordan-Rozwadowski,,Individuals/Insiders,0.04,China
4363836,Arrow Capital Management Inc.,4612971,Traditional Investment Managers,0.03,Canada
4363836,Wealth Group Ltd.,12996037,Family Offices/Trusts,0.01,USA
4363836,John Darin McNeice,,Individuals/Insiders,0,China
10605938,Sanyukta Somani,,Individuals/Insiders,9.7,China
10605938,Arun Somani,,Individuals/Insiders,9.7,China
10605938,Hargreaves Lansdown Asset Management Ltd.,4219776,Traditional Investment Managers,2.14,United Kingdom
10605938,Haritmay Ventures LLP,27742978,Corporations (Private),2.02,India
10605938,Pg Resources LLP,27828538,Corporations (Private),1.94,India
10605938,James Brearley & Sons Ltd.,4138639,Traditional Investment Managers,1.67,United Kingdom
10605938,Aberdeen Group PLC,4145085,Traditional Investment Managers,1.57,United Kingdom
10605938,Shishir Kumar Poddar,,Individuals/Insiders,1.54,China
10605938,Waratah Minerals Ltd.,4362727,Corporations (Public),0.86,Australia
10605938,HBOS Investment Fund Managers Ltd.,7058800,Traditional Investment Managers,0.75,United Kingdom
10605938,Premier Fund Managers Ltd.,4138723,Traditional Investment Managers,0.64,United Kingdom
10605938,Optiva Securities Ltd.,4364090,Banks/Investment Banks,0.55,United Kingdom
10605938,Interactive Brokers Group Inc.,4153870,Banks/Investment Banks,0.44,USA
10605938,Barclays Bank PLC,4041196,Traditional Investment Managers,0.27,United Kingdom
10605938,IG Group Holdings PLC,4147349,Banks/Investment Banks,0.25,United Kingdom
10605938,Christian Gabriel St. John-Dennis,,Individuals/Insiders,0.22,China
10605938,Michael David Lynch-Bell,,Individuals/Insiders,0.19,China
10605938,Jarvis Securities PLC,4185832,Banks/Investment Banks,0.17,United Kingdom
10605938,UBS Asset Management AG,4674815,Traditional Investment Managers,0.14,Switzerland
10605938,Evelyn Partners Investment Management LLP,4570292,Traditional Investment Managers,0.1,United Kingdom
10605938,Octagonal Ltd.,4773565,Banks/Investment Banks,0.09,United Kingdom
10605938,HSBC Global Asset Management (UK) Ltd.,4115698,Traditional Investment Managers,0.09,United Kingdom
10605938,TEAM PLC,27319958,Corporations (Public),0.08,Jersey
10605938,Schroder Investment Management Ltd.,4249110,Traditional Investment Managers,0.07,United Kingdom
10605938,Canaccord Genuity Wealth (International) Ltd.,4857391,Traditional Investment Managers,0.06,Jersey
10605938,Raymond James Wealth Management Ltd.,4235168,Traditional Investment Managers,0.06,United Kingdom
10605938,Royal Bank of Canada,100522,Banks/Investment Banks,0.04,Canada
10605938,JM Finn & Co Ltd.,4648892,Traditional Investment Managers,0.04,United Kingdom
10605938,Commerzbank AG,113985,Banks/Investment Banks,0.04,Germany
10605938,Standard Chartered PLC,4041955,Banks/Investment Banks,0.03,United Kingdom
10605938,iDealing.com Ltd.,4552119,Banks/Investment Banks,0.03,United Kingdom
10605938,BNY Mellon Advisors Inc.,4118652,Traditional Investment Managers,0.03,USA
10605938,Dolmen Fund Management,5760038,Traditional Investment Managers,0.03,Ireland
10605938,Lloyds Banking Group PLC,4041848,Corporations (Public),0.03,United Kingdom
10605938,Orbit Private Investments LP,29123718,Corporations (Private),0.02,Cayman Islands
10605938,Fidelity International Ltd.,4020980,Traditional Investment Managers,0.02,Bermuda
10605938,Mediobanca Banca di Credito Finanziario SpA,4090384,Traditional Investment Managers,0.02,Italy
10605938,Fin-Eco SIM Spa,8340907,Banks/Investment Banks,0.02,Italy
10605938,Gérifonds SA,4762074,Sovereign Wealth Funds (<5% stake),0.01,Switzerland
10605938,RBC Europe Ltd.,4138204,Traditional Investment Managers,0.01,United Kingdom
10605938,Mark Andrew Rollins,,Individuals/Insiders,0.01,China
10605938,Evelyn Partners Investment Management Services Ltd.,4137983,Traditional Investment Managers,0.01,United Kingdom
10605938,Integrated Financial Arrangements plc,4221781,Banks/Investment Banks,0.01,United Kingdom
10605938,Peel Hunt LLP,4093470,Banks/Investment Banks,0.01,United Kingdom
10605938,Saxo Bank A/S,4233769,Traditional Investment Managers,0.01,Denmark
10605938,Viscatain Ltd,10295354,Corporations (Private),0.01,United Kingdom
10605938,Capital International Group,28716079,Traditional Investment Managers,0.01,United Kingdom
10605938,Killik Asset Management,5763781,Traditional Investment Managers,0.01,United Kingdom
10605938,Marex Group Ltd.,4853792,Banks/Investment Banks,0.01,United Kingdom
10605938,TrinityBridge Ltd.,4492849,Traditional Investment Managers,0,United Kingdom
10605938,CGS International Securities Pte. Ltd.,4212003,Banks/Investment Banks,0,Singapore
10605938,Turner Pope Investments (TPI) Ltd.,4836745,Banks/Investment Banks,0,United Kingdom
10605938,Banco Inversis SA,4257715,Banks/Investment Banks,0,Spain
10605938,Avanza Fonder AB,4249827,Traditional Investment Managers,0,Sweden
10605938,Barclays PLC,114508,Banks/Investment Banks,0,United Kingdom
10605938,Ramsey Crookall & Co. Ltd,7509874,Banks/Investment Banks,0,Isle of Man
10605938,Joh. Berenberg Gossler & Co. KG,4138286,Traditional Investment Managers,0,Germany
10605938,KBC Asset Management NV,4111901,Traditional Investment Managers,0,Belgium
10605938,Ravenscroft Investment Management,5793149,Traditional Investment Managers,0,Guernsey
